 Date & UTC Time,Sea Level,Water Temperature,Air Temperature,Barometric Pressure,Residuals,Adjusted Residuals,Wind Direction,Wind Gust,Wind Speed,Tuvalu
01-Jan-2023 00:00, 2.549,  29.4,  29.5, 1008.5, 0.011,-0.026,-9999,-9999 ,-9999
01-Jan-2023 01:00, 2.649,  29.4,  29.5, 1007.7, 0.000,-0.047,-9999,-9999 ,-9999
01-Jan-2023 02:00, 2.651,  29.5,  29.4, 1007.3, 0.001,-0.055,-9999,-9999 ,-9999
01-Jan-2023 03:00, 2.537,  29.5,  29.0, 1006.7, 0.001,-0.059,-9999,-9999 ,-9999
01-Jan-2023 04:00, 2.345,  29.5,  29.3, 1006.5, 0.006,-0.060,-9999,-9999 ,-9999
01-Jan-2023 05:00, 2.116,  29.5,  29.2, 1006.7, 0.011,-0.056,-9999,-9999 ,-9999
01-Jan-2023 06:00, 1.901,  29.4,  29.1, 1007.4, 0.012,-0.053,-9999,-9999 ,-9999
01-Jan-2023 07:00, 1.750,  29.4,  28.8, 1008.3, 0.009,-0.048,-9999,-9999 ,-9999
01-Jan-2023 08:00, 1.700,  29.4,  28.8, 1009.3, 0.005,-0.043,-9999,-9999 ,-9999
01-Jan-2023 09:00, 1.746,  29.4,  28.8, 1010.3,-0.011,-0.049,-9999,-9999 ,-9999
01-Jan-2023 10:00, 1.893,  29.4,  28.7, 1010.5,-0.017,-0.045,-9999,-9999 ,-9999
01-Jan-2023 11:00, 2.105,  29.4,  28.6, 1010.3,-0.007,-0.034,-9999,-9999 ,-9999
01-Jan-2023 12:00, 2.319,  29.4,  28.6, 1010.0, 0.010,-0.019,-9999,-9999 ,-9999
01-Jan-2023 13:00, 2.450,  29.4,  28.6, 1009.3, 0.000,-0.033,-9999,-9999 ,-9999
01-Jan-2023 14:00, 2.481,  29.4,  28.4, 1008.9,-0.017,-0.056,-9999,-9999 ,-9999
01-Jan-2023 15:00, 2.425,  29.4,  28.4, 1008.5,-0.011,-0.055,-9999,-9999 ,-9999
01-Jan-2023 16:00, 2.277,  29.3,  28.4, 1008.5,-0.004,-0.051,-9999,-9999 ,-9999
01-Jan-2023 17:00, 2.067,  29.3,  28.3, 1008.7,-0.006,-0.053,-9999,-9999 ,-9999
01-Jan-2023 18:00, 1.859,  29.3,  28.3, 1009.4,-0.008,-0.053,-9999,-9999 ,-9999
01-Jan-2023 19:00, 1.726,  29.3,  28.9, 1010.5, 0.010,-0.027,-9999,-9999 ,-9999
01-Jan-2023 20:00, 1.697,  29.3,  29.3, 1010.9, 0.031, 0.005,-9999,-9999 ,-9999
01-Jan-2023 21:00, 1.766,  29.3,  29.6, 1010.9, 0.032, 0.009,-9999,-9999 ,-9999
01-Jan-2023 22:00, 1.935,  29.4,  29.8, 1010.5, 0.026, 0.002,-9999,-9999 ,-9999
01-Jan-2023 23:00, 2.166,  29.5,  29.3, 1009.4, 0.013,-0.015,-9999,-9999 ,-9999
02-Jan-2023 00:00, 2.419,  29.5,  29.6, 1008.7, 0.012,-0.027,-9999,-9999 ,-9999
02-Jan-2023 01:00, 2.630,  29.5,  29.0, 1007.8, 0.018,-0.028,-9999,-9999 ,-9999
02-Jan-2023 02:00, 2.726,  29.5,  29.3, 1007.1, 0.007,-0.047,-9999,-9999 ,-9999
02-Jan-2023 03:00, 2.704,  29.5,  29.3, 1006.4, 0.004,-0.058,-9999,-9999 ,-9999
02-Jan-2023 04:00, 2.561,  29.5,  29.4, 1006.4, 0.002,-0.066,-9999,-9999 ,-9999
02-Jan-2023 05:00, 2.328,  29.6,  29.2, 1006.7, 0.000,-0.068,-9999,-9999 ,-9999
02-Jan-2023 06:00, 2.075,  29.6,  28.8, 1007.3, 0.013,-0.051,-9999,-9999 ,-9999
02-Jan-2023 07:00, 1.841,  29.5,  28.6, 1007.8, 0.022,-0.037,-9999,-9999 ,-9999
02-Jan-2023 08:00, 1.684,  29.5,  28.6, 1008.6, 0.027,-0.026,-9999,-9999 ,-9999
02-Jan-2023 09:00, 1.623,  29.5,  28.5, 1009.3, 0.011,-0.034,-9999,-9999 ,-9999
02-Jan-2023 10:00, 1.713,  29.5,  28.5, 1009.8, 0.022,-0.016,-9999,-9999 ,-9999
02-Jan-2023 11:00, 1.900,  29.4,  28.5, 1010.2, 0.028,-0.005,-9999,-9999 ,-9999
02-Jan-2023 12:00, 2.124,  29.4,  28.3, 1009.7, 0.020,-0.010,-9999,-9999 ,-9999
02-Jan-2023 13:00, 2.340,  29.4,  28.4, 1008.9, 0.018,-0.018,-9999,-9999 ,-9999
02-Jan-2023 14:00, 2.473,  29.4,  28.2, 1008.1, 0.000,-0.044,-9999,-9999 ,-9999
02-Jan-2023 15:00, 2.524,  29.4,  28.3, 1007.7, 0.009,-0.043,-9999,-9999 ,-9999
02-Jan-2023 16:00, 2.439,  29.4,  28.2, 1008.4, 0.003,-0.052,-9999,-9999 ,-9999
02-Jan-2023 17:00, 2.261,  29.4,  28.2, 1008.8, 0.002,-0.046,-9999,-9999 ,-9999
02-Jan-2023 18:00, 2.039,  29.3,  28.3, 1009.5, 0.007,-0.037,-9999,-9999 ,-9999
02-Jan-2023 19:00, 1.830,  29.3,  28.3, 1010.3, 0.016,-0.020,-9999,-9999 ,-9999
02-Jan-2023 20:00, 1.709,  29.3,  28.9, 1010.7, 0.040, 0.011,-9999,-9999 ,-9999
02-Jan-2023 21:00, 1.692,  29.4,  29.4, 1011.2, 0.052, 0.027,-9999,-9999 ,-9999
02-Jan-2023 22:00, 1.788,  29.5,  29.5, 1010.9, 0.045, 0.025,-9999,-9999 ,-9999
02-Jan-2023 23:00, 1.979,  29.5,  29.7, 1010.2, 0.021,-0.003,-9999,-9999 ,-9999
03-Jan-2023 00:00, 2.240,  29.5,  30.0, 1009.7, 0.006,-0.025,-9999,-9999 ,-9999
03-Jan-2023 01:00, 2.507,  29.5,  29.5, 1008.9, 0.004,-0.033,-9999,-9999 ,-9999
03-Jan-2023 02:00, 2.703,  29.5,  30.2, 1008.3,-0.001,-0.044,-9999,-9999 ,-9999
03-Jan-2023 03:00, 2.778,  29.5,  29.6, 1007.5,-0.005,-0.055,-9999,-9999 ,-9999
03-Jan-2023 04:00, 2.734,  29.6,  29.5, 1007.0, 0.010,-0.048,-9999,-9999 ,-9999
03-Jan-2023 05:00, 2.546,  29.6,  29.0, 1007.4, 0.010,-0.052,-9999,-9999 ,-9999
03-Jan-2023 06:00, 2.286,  29.6,  28.8, 1007.8, 0.026,-0.032,-9999,-9999 ,-9999
03-Jan-2023 07:00, 2.008,  29.6,  28.6, 1008.2, 0.046,-0.008,-9999,-9999 ,-9999
03-Jan-2023 08:00, 1.754,  29.6,  28.7, 1008.9, 0.048,-0.002,-9999,-9999 ,-9999
03-Jan-2023 09:00, 1.591,  29.6,  28.8, 1009.6, 0.037,-0.006,-9999,-9999 ,-9999
03-Jan-2023 10:00, 1.562,  29.6,  28.7, 1010.1, 0.022,-0.014,-9999,-9999 ,-9999
03-Jan-2023 11:00, 1.675,  29.6,  28.7, 1010.3, 0.012,-0.019,-9999,-9999 ,-9999
03-Jan-2023 12:00, 1.889,  29.6,  28.2, 1009.9, 0.001,-0.029,-9999,-9999 ,-9999
03-Jan-2023 13:00, 2.155,  29.6,  28.8, 1009.3, 0.003,-0.030,-9999,-9999 ,-9999
03-Jan-2023 14:00, 2.374,  29.5,  28.5, 1008.7,-0.008,-0.048,-9999,-9999 ,-9999
03-Jan-2023 15:00, 2.493,  29.5,  28.6, 1008.6,-0.028,-0.073,-9999,-9999 ,-9999
03-Jan-2023 16:00, 2.506,  29.5,  28.5, 1008.5,-0.026,-0.072,-9999,-9999 ,-9999
03-Jan-2023 17:00, 2.394,  29.5,  28.4, 1008.8,-0.019,-0.066,-9999,-9999 ,-9999
03-Jan-2023 18:00, 2.192,  29.4,  28.4, 1009.3,-0.008,-0.051,-9999,-9999 ,-9999
03-Jan-2023 19:00, 1.950,  29.4,  28.8, 1009.9, 0.001,-0.038,-9999,-9999 ,-9999
03-Jan-2023 20:00, 1.748,  29.4,  29.2, 1010.5, 0.018,-0.014,-9999,-9999 ,-9999
03-Jan-2023 21:00, 1.630,  29.5,  29.3, 1010.6, 0.022,-0.005,-9999,-9999 ,-9999
03-Jan-2023 22:00, 1.665,  29.5,  29.6, 1010.5, 0.040, 0.014,-9999,-9999 ,-9999
03-Jan-2023 23:00, 1.802,  29.6,  29.7, 1010.1, 0.021,-0.007,-9999,-9999 ,-9999
04-Jan-2023 00:00, 2.034,  29.6,  29.7, 1009.8,-0.011,-0.043,-9999,-9999 ,-9999
04-Jan-2023 01:00, 2.344,  29.6,  29.7, 1008.9,-0.006,-0.041,-9999,-9999 ,-9999
04-Jan-2023 02:00, 2.626,  29.6,  29.7, 1008.3, 0.006,-0.038,-9999,-9999 ,-9999
04-Jan-2023 03:00, 2.798,  29.6,  29.6, 1007.6, 0.005,-0.045,-9999,-9999 ,-9999
04-Jan-2023 04:00, 2.835,  29.6,  29.6, 1007.1, 0.010,-0.047,-9999,-9999 ,-9999
04-Jan-2023 05:00, 2.713,  29.6,  29.3, 1007.2, 0.008,-0.053,-9999,-9999 ,-9999
04-Jan-2023 06:00, 2.477,  29.6,  29.0, 1007.8, 0.020,-0.040,-9999,-9999 ,-9999
04-Jan-2023 07:00, 2.187,  29.6,  28.8, 1008.6, 0.047,-0.006,-9999,-9999 ,-9999
04-Jan-2023 08:00, 1.886,  29.6,  28.6, 1008.9, 0.065, 0.019,-9999,-9999 ,-9999
04-Jan-2023 09:00, 1.619,  29.5,  28.6, 1009.9, 0.043, 0.001,-9999,-9999 ,-9999
04-Jan-2023 10:00, 1.500,  29.5,  28.7, 1010.3, 0.037, 0.004,-9999,-9999 ,-9999
04-Jan-2023 11:00, 1.547,  29.5,  28.7, 1010.3, 0.041, 0.012,-9999,-9999 ,-9999
04-Jan-2023 12:00, 1.715,  29.5,  28.6, 1010.0, 0.025,-0.005,-9999,-9999 ,-9999
04-Jan-2023 13:00, 1.972,  29.5,  28.5, 1009.4, 0.010,-0.023,-9999,-9999 ,-9999
04-Jan-2023 14:00, 2.249,  29.4,  28.4, 1008.6, 0.003,-0.036,-9999,-9999 ,-9999
04-Jan-2023 15:00, 2.456,  29.4,  28.3, 1007.9,-0.011,-0.058,-9999,-9999 ,-9999
04-Jan-2023 16:00, 2.558,  29.4,  28.3, 1007.7,-0.011,-0.064,-9999,-9999 ,-9999
04-Jan-2023 17:00, 2.516,  29.4,  28.3, 1007.9,-0.010,-0.065,-9999,-9999 ,-9999
04-Jan-2023 18:00, 2.344,  29.4,  28.3, 1008.7,-0.010,-0.063,-9999,-9999 ,-9999
04-Jan-2023 19:00, 2.117,  29.4,  28.9, 1009.3, 0.016,-0.029,-9999,-9999 ,-9999
04-Jan-2023 20:00, 1.871,  29.4,  29.2, 1009.8, 0.035,-0.004,-9999,-9999 ,-9999
04-Jan-2023 21:00, 1.655,  29.4,  28.1, 1010.0, 0.019,-0.015,-9999,-9999 ,-9999
04-Jan-2023 22:00, 1.588,  29.4,  29.5, 1009.9, 0.027,-0.005,-9999,-9999 ,-9999
04-Jan-2023 23:00, 1.664,  29.5,  29.7, 1009.4, 0.023,-0.010,-9999,-9999 ,-9999
05-Jan-2023 00:00, 1.859,  29.6,  30.0, 1008.7,-0.002,-0.041,-9999,-9999 ,-9999
05-Jan-2023 01:00, 2.160,  29.6,  30.0, 1008.3,-0.008,-0.054,-9999,-9999 ,-9999
05-Jan-2023 02:00, 2.480,  29.6,  30.4, 1007.5,-0.006,-0.056,-9999,-9999 ,-9999
05-Jan-2023 03:00, 2.726,  29.6,  30.2, 1006.8,-0.011,-0.069,-9999,-9999 ,-9999
05-Jan-2023 04:00, 2.841,  29.6,  29.8, 1006.7,-0.020,-0.084,-9999,-9999 ,-9999
05-Jan-2023 05:00, 2.808,  29.6,  29.6, 1007.1,-0.017,-0.082,-9999,-9999 ,-9999
05-Jan-2023 06:00, 2.629,  29.6,  29.1, 1007.8,-0.004,-0.065,-9999,-9999 ,-9999
05-Jan-2023 07:00, 2.345,  29.6,  28.8, 1008.2, 0.016,-0.038,-9999,-9999 ,-9999
05-Jan-2023 08:00, 2.000,  29.6,  28.7, 1008.8, 0.021,-0.029,-9999,-9999 ,-9999
05-Jan-2023 09:00, 1.679,  29.6,  28.7, 1009.6, 0.015,-0.028,-9999,-9999 ,-9999
05-Jan-2023 10:00, 1.473,  29.5,  28.7, 1010.1, 0.013,-0.023,-9999,-9999 ,-9999
05-Jan-2023 11:00, 1.424,  29.5,  28.6, 1010.5, 0.012,-0.019,-9999,-9999 ,-9999
05-Jan-2023 12:00, 1.546,  29.5,  28.5, 1010.0, 0.016,-0.012,-9999,-9999 ,-9999
05-Jan-2023 13:00, 1.780,  29.5,  28.5, 1009.4, 0.003,-0.030,-9999,-9999 ,-9999
05-Jan-2023 14:00, 2.072,  29.5,  28.4, 1008.7,-0.011,-0.050,-9999,-9999 ,-9999
05-Jan-2023 15:00, 2.345,  29.5,  28.3, 1008.5,-0.020,-0.065,-9999,-9999 ,-9999
05-Jan-2023 16:00, 2.514,  29.4,  28.3, 1008.3,-0.037,-0.084,-9999,-9999 ,-9999
05-Jan-2023 17:00, 2.564,  29.4,  28.3, 1008.5,-0.029,-0.078,-9999,-9999 ,-9999
05-Jan-2023 18:00, 2.466,  29.4,  28.4, 1009.3,-0.017,-0.064,-9999,-9999 ,-9999
05-Jan-2023 19:00, 2.255,  29.4,  28.7, 1009.9, 0.000,-0.039,-9999,-9999 ,-9999
05-Jan-2023 20:00, 1.988,  29.4,  30.1, 1010.3, 0.015,-0.017,-9999,-9999 ,-9999
05-Jan-2023 21:00, 1.744,  29.4,  30.0, 1010.6, 0.029, 0.000,-9999,-9999 ,-9999
05-Jan-2023 22:00, 1.570,  29.5,  30.1, 1010.5, 0.013,-0.013,-9999,-9999 ,-9999
05-Jan-2023 23:00, 1.544,  29.6,  30.4, 1010.1,-0.006,-0.034,-9999,-9999 ,-9999
06-Jan-2023 00:00, 1.690,  29.7,  30.2, 1009.7,-0.013,-0.045,-9999,-9999 ,-9999
06-Jan-2023 01:00, 1.961,  29.8,  29.7, 1009.0,-0.021,-0.057,-9999,-9999 ,-9999
06-Jan-2023 02:00, 2.309,  29.9,  29.8, 1008.1,-0.008,-0.051,-9999,-9999 ,-9999
06-Jan-2023 03:00, 2.615,  29.9,  29.8, 1007.8,-0.010,-0.061,-9999,-9999 ,-9999
06-Jan-2023 04:00, 2.809,  29.9,  29.3, 1007.6,-0.023,-0.078,-9999,-9999 ,-9999
06-Jan-2023 05:00, 2.867,  29.9,  29.2, 1008.0,-0.020,-0.076,-9999,-9999 ,-9999
06-Jan-2023 06:00, 2.755,  29.8,  29.0, 1008.7,-0.018,-0.069,-9999,-9999 ,-9999
06-Jan-2023 07:00, 2.496,  29.8,  29.0, 1009.3,-0.016,-0.061,-9999,-9999 ,-9999
06-Jan-2023 08:00, 2.164,  29.8,  29.1, 1009.8, 0.001,-0.038,-9999,-9999 ,-9999
06-Jan-2023 09:00, 1.839,  29.8,  27.9, 1010.5, 0.033, 0.000,-9999,-9999 ,-9999
06-Jan-2023 10:00, 1.574,  29.7,  26.8, 1011.1, 0.049, 0.022,-9999,-9999 ,-9999
06-Jan-2023 11:00, 1.416,  29.7,  27.1, 1011.5, 0.029, 0.008,-9999,-9999 ,-9999
06-Jan-2023 12:00, 1.434,  29.7,  25.3, 1011.8, 0.012,-0.005,-9999,-9999 ,-9999
06-Jan-2023 13:00, 1.615,  29.7,  25.0, 1010.8,-0.001,-0.016,-9999,-9999 ,-9999
06-Jan-2023 14:00, 1.916,  29.6,  25.5, 1010.3, 0.004,-0.021,-9999,-9999 ,-9999
06-Jan-2023 15:00, 2.238,  29.6,  24.3, 1010.2, 0.010,-0.019,-9999,-9999 ,-9999
06-Jan-2023 16:00, 2.461,  29.6,  24.0, 1010.6,-0.020,-0.050,-9999,-9999 ,-9999
06-Jan-2023 17:00, 2.574,  29.6,  24.0, 1010.9,-0.033,-0.060,-9999,-9999 ,-9999
06-Jan-2023 18:00, 2.554,  29.6,  23.9, 1011.1,-0.021,-0.045,-9999,-9999 ,-9999
06-Jan-2023 19:00, 2.396,  29.6,  25.0, 1011.3,-0.001,-0.022,-9999,-9999 ,-9999
06-Jan-2023 20:00, 2.159,  29.1,  26.3, 1011.1, 0.033, 0.013,-9999,-9999 ,-9999
06-Jan-2023 21:00, 1.870,  29.1,  27.7, 1011.7, 0.033, 0.013,-9999,-9999 ,-9999
06-Jan-2023 22:00, 1.628,  29.1,  28.5, 1011.7, 0.017, 0.002,-9999,-9999 ,-9999
06-Jan-2023 23:00, 1.530,  29.2,  29.0, 1011.2, 0.013,-0.003,-9999,-9999 ,-9999
07-Jan-2023 00:00, 1.598,  29.3,  29.4, 1010.6, 0.010,-0.011,-9999,-9999 ,-9999
07-Jan-2023 01:00, 1.826,  29.4,  29.6, 1010.1, 0.015,-0.012,-9999,-9999 ,-9999
07-Jan-2023 02:00, 2.145,  29.4,  29.7, 1009.8, 0.011,-0.020,-9999,-9999 ,-9999
07-Jan-2023 03:00, 2.471,  29.4,  29.8, 1009.4,-0.001,-0.036,-9999,-9999 ,-9999
07-Jan-2023 04:00, 2.739,  29.5,  29.5, 1009.1,-0.006,-0.045,-9999,-9999 ,-9999
07-Jan-2023 05:00, 2.891,  29.5,  29.0, 1009.3, 0.003,-0.038,-9999,-9999 ,-9999
07-Jan-2023 06:00, 2.888,  29.5,  28.8, 1009.8, 0.027,-0.012,-9999,-9999 ,-9999
07-Jan-2023 07:00, 2.690,  29.5,  28.8, 1010.5, 0.021,-0.012,-9999,-9999 ,-9999
07-Jan-2023 08:00, 2.363,  29.5,  28.7, 1010.8, 0.011,-0.016,-9999,-9999 ,-9999
07-Jan-2023 09:00, 2.010,  29.4,  28.6, 1011.2, 0.027, 0.003,-9999,-9999 ,-9999
07-Jan-2023 10:00, 1.662,  29.4,  28.6, 1011.3, 0.013,-0.008,-9999,-9999 ,-9999
07-Jan-2023 11:00, 1.447,  29.4,  28.6, 1011.2, 0.017,-0.002,-9999,-9999 ,-9999
07-Jan-2023 12:00, 1.413,  29.4,  28.5, 1010.6, 0.037, 0.016,-9999,-9999 ,-9999
07-Jan-2023 13:00, 1.525,  29.4,  28.5, 1010.1, 0.030, 0.003,-9999,-9999 ,-9999
07-Jan-2023 14:00, 1.768,  29.3,  28.6, 1009.5, 0.017,-0.015,-9999,-9999 ,-9999
07-Jan-2023 15:00, 2.066,  29.3,  28.5, 1009.5,-0.006,-0.043,-9999,-9999 ,-9999
07-Jan-2023 16:00, 2.346,  29.2,  28.5, 1009.6,-0.024,-0.062,-9999,-9999 ,-9999
07-Jan-2023 17:00, 2.551,  29.2,  28.6, 1010.0,-0.018,-0.054,-9999,-9999 ,-9999
07-Jan-2023 18:00, 2.599,  29.3,  28.6, 1010.4,-0.021,-0.053,-9999,-9999 ,-9999
07-Jan-2023 19:00, 2.521,  29.7,  28.9, 1011.1, 0.009,-0.019,-9999,-9999 ,-9999
07-Jan-2023 20:00, 2.284,  29.4,  29.7, 1011.5, 0.006,-0.015,-9999,-9999 ,-9999
07-Jan-2023 21:00, 1.987,  29.1,  30.0, 1011.8, 0.001,-0.016,-9999,-9999 ,-9999
07-Jan-2023 22:00, 1.697,  29.3,  29.9, 1011.7,-0.020,-0.034,-9999,-9999 ,-9999
07-Jan-2023 23:00, 1.545,  29.3,  30.5, 1011.1,-0.003,-0.019,-9999,-9999 ,-9999
08-Jan-2023 00:00, 1.529,  29.4,  30.0, 1010.8,-0.001,-0.023,-9999,-9999 ,-9999
08-Jan-2023 01:00, 1.685,  29.4,  30.2, 1010.4, 0.007,-0.018,-9999,-9999 ,-9999
08-Jan-2023 02:00, 1.965,  29.4,  29.1, 1009.8, 0.010,-0.019,-9999,-9999 ,-9999
08-Jan-2023 03:00, 2.278,  29.5,  29.6, 1009.1,-0.017,-0.052,-9999,-9999 ,-9999
08-Jan-2023 04:00, 2.598,  29.6,  29.1, 1009.0,-0.013,-0.055,-9999,-9999 ,-9999
08-Jan-2023 05:00, 2.818,  29.7,  29.1, 1009.4,-0.009,-0.051,-9999,-9999 ,-9999
08-Jan-2023 06:00, 2.890,  29.7,  28.8, 1009.9, 0.000,-0.037,-9999,-9999 ,-9999
08-Jan-2023 07:00, 2.762,  29.7,  28.6, 1010.3,-0.019,-0.052,-9999,-9999 ,-9999
08-Jan-2023 08:00, 2.510,  29.7,  28.7, 1010.8,-0.014,-0.043,-9999,-9999 ,-9999
08-Jan-2023 09:00, 2.162,  29.7,  28.7, 1011.4,-0.013,-0.037,-9999,-9999 ,-9999
08-Jan-2023 10:00, 1.801,  29.7,  28.7, 1011.8,-0.017,-0.035,-9999,-9999 ,-9999
08-Jan-2023 11:00, 1.527,  29.7,  28.6, 1011.8,-0.009,-0.023,-9999,-9999 ,-9999
08-Jan-2023 12:00, 1.384,  29.7,  28.4, 1011.3,-0.013,-0.028,-9999,-9999 ,-9999
08-Jan-2023 13:00, 1.420,  29.6,  28.3, 1010.5,-0.011,-0.031,-9999,-9999 ,-9999
08-Jan-2023 14:00, 1.623,  29.7,  28.4, 1010.1, 0.001,-0.026,-9999,-9999 ,-9999
08-Jan-2023 15:00, 1.928,  29.7,  28.3, 1009.8, 0.013,-0.019,-9999,-9999 ,-9999
08-Jan-2023 16:00, 2.256,  29.7,  28.3, 1009.8, 0.025,-0.009,-9999,-9999 ,-9999
08-Jan-2023 17:00, 2.520,  29.7,  28.4, 1010.0, 0.035, 0.001,-9999,-9999 ,-9999
08-Jan-2023 18:00, 2.584,  29.7,  28.4, 1010.8,-0.028,-0.060,-9999,-9999 ,-9999
08-Jan-2023 19:00, 2.562,  29.6,  28.9, 1011.2,-0.022,-0.046,-9999,-9999 ,-9999
08-Jan-2023 20:00, 2.394,  29.6,  29.5, 1011.4,-0.018,-0.038,-9999,-9999 ,-9999
08-Jan-2023 21:00, 2.144,  29.6,  29.4, 1011.5,-0.003,-0.022,-9999,-9999 ,-9999
08-Jan-2023 22:00, 1.839,  29.7,  29.1, 1011.2,-0.024,-0.041,-9999,-9999 ,-9999
08-Jan-2023 23:00, 1.599,  29.7,  28.9, 1010.5,-0.038,-0.059,-9999,-9999 ,-9999
09-Jan-2023 00:00, 1.496,  29.7,  29.3, 1010.0,-0.042,-0.070,-9999,-9999 ,-9999
09-Jan-2023 01:00, 1.567,  29.7,  29.8, 1009.5,-0.032,-0.065,-9999,-9999 ,-9999
09-Jan-2023 02:00, 1.800,  29.8,  29.9, 1008.8,-0.008,-0.046,-9999,-9999 ,-9999
09-Jan-2023 03:00, 2.112,  29.8,  30.0, 1008.2,-0.003,-0.047,-9999,-9999 ,-9999
09-Jan-2023 04:00, 2.440,  29.8,  29.4, 1008.1,-0.003,-0.054,-9999,-9999 ,-9999
09-Jan-2023 05:00, 2.712,  29.8,  28.9, 1008.4,-0.001,-0.051,-9999,-9999 ,-9999
09-Jan-2023 06:00, 2.879,  29.8,  28.7, 1008.9, 0.023,-0.025,-9999,-9999 ,-9999
09-Jan-2023 07:00, 2.841,  29.8,  28.6, 1009.7, 0.005,-0.038,-9999,-9999 ,-9999
09-Jan-2023 08:00, 2.634,  29.8,  28.2, 1010.4,-0.023,-0.058,-9999,-9999 ,-9999
09-Jan-2023 09:00, 2.336,  29.8,  28.4, 1010.9,-0.022,-0.050,-9999,-9999 ,-9999
09-Jan-2023 10:00, 1.997,  29.8,  28.2, 1011.2,-0.012,-0.035,-9999,-9999 ,-9999
09-Jan-2023 11:00, 1.672,  29.8,  27.9, 1010.9,-0.019,-0.039,-9999,-9999 ,-9999
09-Jan-2023 12:00, 1.454,  29.8,  27.9, 1010.4,-0.027,-0.051,-9999,-9999 ,-9999
09-Jan-2023 13:00, 1.426,  29.7,  26.2, 1009.6,-0.002,-0.031,-9999,-9999 ,-9999
09-Jan-2023 14:00, 1.536,  29.7,  27.2, 1009.1,-0.002,-0.039,-9999,-9999 ,-9999
09-Jan-2023 15:00, 1.781,  29.7,  26.6, 1009.1, 0.004,-0.037,-9999,-9999 ,-9999
09-Jan-2023 16:00, 2.096,  29.7,  27.5, 1008.5, 0.016,-0.026,-9999,-9999 ,-9999
09-Jan-2023 17:00, 2.363,  29.7,  27.6, 1009.5, 0.001,-0.045,-9999,-9999 ,-9999
09-Jan-2023 18:00, 2.543,  29.5,  27.4, 1009.7,-0.011,-0.048,-9999,-9999 ,-9999
09-Jan-2023 19:00, 2.594,  29.6,  27.6, 1010.0,-0.012,-0.047,-9999,-9999 ,-9999
09-Jan-2023 20:00, 2.504,  29.5,  28.0, 1010.6,-0.007,-0.039,-9999,-9999 ,-9999
09-Jan-2023 21:00, 2.293,  29.5,  27.9, 1010.6,-0.005,-0.032,-9999,-9999 ,-9999
09-Jan-2023 22:00, 1.992,  29.5,  27.9, 1010.5,-0.037,-0.063,-9999,-9999 ,-9999
09-Jan-2023 23:00, 1.732,  29.4,  27.3, 1010.2,-0.044,-0.072,-9999,-9999 ,-9999
10-Jan-2023 00:00, 1.579,  29.4,  27.3, 1009.9,-0.032,-0.063,-9999,-9999 ,-9999
10-Jan-2023 01:00, 1.573,  29.4,  27.5, 1009.3,-0.012,-0.045,-9999,-9999 ,-9999
10-Jan-2023 02:00, 1.714,  29.4,  27.9, 1008.7, 0.006,-0.034,-9999,-9999 ,-9999
10-Jan-2023 03:00, 1.956,  29.4,  28.6, 1008.2, 0.002,-0.044,-9999,-9999 ,-9999
10-Jan-2023 04:00, 2.264,  29.5,  28.7, 1008.1, 0.001,-0.050,-9999,-9999 ,-9999
10-Jan-2023 05:00, 2.554,  29.5,  28.8, 1008.5,-0.003,-0.054,-9999,-9999 ,-9999
10-Jan-2023 06:00, 2.747,  29.5,  27.3, 1009.3,-0.015,-0.061,-9999,-9999 ,-9999
10-Jan-2023 07:00, 2.815,  29.5,  26.5, 1010.1,-0.011,-0.050,-9999,-9999 ,-9999
10-Jan-2023 08:00, 2.739,  29.5,  26.5, 1010.6, 0.004,-0.026,-9999,-9999 ,-9999
10-Jan-2023 09:00, 2.522,  29.4,  26.7, 1010.9, 0.014,-0.012,-9999,-9999 ,-9999
10-Jan-2023 10:00, 2.199,  29.4,  27.0, 1011.5, 0.003,-0.020,-9999,-9999 ,-9999
10-Jan-2023 11:00, 1.879,  29.4,  27.3, 1011.6, 0.005,-0.012,-9999,-9999 ,-9999
10-Jan-2023 12:00, 1.626,  29.4,  27.6, 1011.0, 0.009,-0.007,-9999,-9999 ,-9999
10-Jan-2023 13:00, 1.476,  29.4,  28.6, 1010.0,-0.010,-0.033,-9999,-9999 ,-9999
10-Jan-2023 14:00, 1.526,  29.4,  28.4, 1009.5, 0.016,-0.017,-9999,-9999 ,-9999
10-Jan-2023 15:00, 1.712,  29.4,  28.4, 1009.3, 0.038, 0.000,-9999,-9999 ,-9999
10-Jan-2023 16:00, 1.953,  29.4,  28.3, 1009.5, 0.019,-0.020,-9999,-9999 ,-9999
10-Jan-2023 17:00, 2.222,  29.4,  28.4, 1010.0, 0.004,-0.033,-9999,-9999 ,-9999
10-Jan-2023 18:00, 2.448,  29.4,  28.4, 1010.7,-0.003,-0.035,-9999,-9999 ,-9999
10-Jan-2023 19:00, 2.553,  29.4,  28.8, 1011.2,-0.022,-0.047,-9999,-9999 ,-9999
10-Jan-2023 20:00, 2.550,  29.3,  29.0, 1011.6,-0.012,-0.032,-9999,-9999 ,-9999
10-Jan-2023 21:00, 2.425,  29.4,  29.1, 1012.1, 0.004,-0.012,-9999,-9999 ,-9999
10-Jan-2023 22:00, 2.199,  29.4,  29.6, 1011.7, 0.004,-0.008,-9999,-9999 ,-9999
10-Jan-2023 23:00, 1.916,  29.4,  29.5, 1011.4,-0.029,-0.045,-9999,-9999 ,-9999
11-Jan-2023 00:00, 1.713,  29.4,  30.1, 1011.2,-0.027,-0.046,-9999,-9999 ,-9999
11-Jan-2023 01:00, 1.618,  29.5,  29.9, 1010.7,-0.019,-0.039,-9999,-9999 ,-9999
11-Jan-2023 02:00, 1.661,  29.5,  29.7, 1009.9,-0.009,-0.036,-9999,-9999 ,-9999
11-Jan-2023 03:00, 1.828,  29.5,  30.0, 1009.5,-0.007,-0.041,-9999,-9999 ,-9999
11-Jan-2023 04:00, 2.096,  29.5,  29.6, 1009.3, 0.004,-0.034,-9999,-9999 ,-9999
11-Jan-2023 05:00, 2.375,  29.5,  29.3, 1009.8,-0.003,-0.042,-9999,-9999 ,-9999
11-Jan-2023 06:00, 2.599,  29.5,  29.1, 1010.2,-0.019,-0.052,-9999,-9999 ,-9999
11-Jan-2023 07:00, 2.743,  29.5,  28.7, 1010.5,-0.010,-0.040,-9999,-9999 ,-9999
11-Jan-2023 08:00, 2.759,  29.5,  28.9, 1010.9, 0.011,-0.017,-9999,-9999 ,-9999
11-Jan-2023 09:00, 2.657,  29.5,  28.7, 1011.3, 0.052, 0.029,-9999,-9999 ,-9999
11-Jan-2023 10:00, 2.383,  29.5,  28.7, 1011.6, 0.025, 0.006,-9999,-9999 ,-9999
11-Jan-2023 11:00, 2.051,  29.5,  28.7, 1011.8,-0.012,-0.028,-9999,-9999 ,-9999
11-Jan-2023 12:00, 1.779,  29.4,  28.9, 1011.6,-0.008,-0.023,-9999,-9999 ,-9999
11-Jan-2023 13:00, 1.580,  29.4,  28.7, 1011.2,-0.019,-0.035,-9999,-9999 ,-9999
11-Jan-2023 14:00, 1.510,  29.4,  28.6, 1010.8,-0.030,-0.051,-9999,-9999 ,-9999
11-Jan-2023 15:00, 1.610,  29.4,  28.7, 1010.5,-0.009,-0.034,-9999,-9999 ,-9999
11-Jan-2023 16:00, 1.799,  29.4,  28.6, 1010.5,-0.014,-0.042,-9999,-9999 ,-9999
11-Jan-2023 17:00, 2.038,  29.4,  28.5, 1010.8,-0.030,-0.058,-9999,-9999 ,-9999
11-Jan-2023 18:00, 2.288,  29.4,  28.5, 1011.5,-0.028,-0.051,-9999,-9999 ,-9999
11-Jan-2023 19:00, 2.491,  29.4,  28.8, 1012.0,-0.003,-0.020,-9999,-9999 ,-9999
11-Jan-2023 20:00, 2.555,  29.4,  29.3, 1012.1,-0.004,-0.016,-9999,-9999 ,-9999
11-Jan-2023 21:00, 2.499,  29.4,  29.4, 1012.0,-0.002,-0.013,-9999,-9999 ,-9999
11-Jan-2023 22:00, 2.334,  29.4,  29.5, 1011.5,-0.008,-0.020,-9999,-9999 ,-9999
11-Jan-2023 23:00, 2.115,  29.5,  29.8, 1010.7,-0.010,-0.028,-9999,-9999 ,-9999
12-Jan-2023 00:00, 1.892,  29.5,  29.7, 1010.0,-0.017,-0.043,-9999,-9999 ,-9999
12-Jan-2023 01:00, 1.721,  29.6,  29.8, 1009.5,-0.031,-0.063,-9999,-9999 ,-9999
12-Jan-2023 02:00, 1.678,  29.6,  29.9, 1008.8,-0.022,-0.060,-9999,-9999 ,-9999
12-Jan-2023 03:00, 1.757,  29.6,  29.7, 1008.5,-0.014,-0.059,-9999,-9999 ,-9999
12-Jan-2023 04:00, 1.946,  29.6,  29.6, 1008.4,-0.004,-0.052,-9999,-9999 ,-9999
12-Jan-2023 05:00, 2.179,  29.6,  29.4, 1008.7,-0.014,-0.063,-9999,-9999 ,-9999
12-Jan-2023 06:00, 2.435,  29.6,  29.2, 1009.3,-0.002,-0.047,-9999,-9999 ,-9999
12-Jan-2023 07:00, 2.634,  29.5,  29.0, 1009.8, 0.016,-0.023,-9999,-9999 ,-9999
12-Jan-2023 08:00, 2.710,  29.5,  29.1, 1010.2, 0.018,-0.016,-9999,-9999 ,-9999
12-Jan-2023 09:00, 2.676,  29.5,  28.9, 1010.4, 0.037, 0.007,-9999,-9999 ,-9999
12-Jan-2023 10:00, 2.511,  29.5,  28.9, 1010.6, 0.037, 0.009,-9999,-9999 ,-9999
12-Jan-2023 11:00, 2.245,  29.5,  28.8, 1010.5, 0.011,-0.016,-9999,-9999 ,-9999
12-Jan-2023 12:00, 1.978,  29.4,  28.7, 1010.0, 0.004,-0.024,-9999,-9999 ,-9999
12-Jan-2023 13:00, 1.753,  29.4,  28.6, 1009.2,-0.001,-0.035,-9999,-9999 ,-9999
12-Jan-2023 14:00, 1.618,  29.4,  28.5, 1009.0,-0.007,-0.048,-9999,-9999 ,-9999
12-Jan-2023 15:00, 1.603,  29.4,  28.4, 1008.6,-0.016,-0.059,-9999,-9999 ,-9999
12-Jan-2023 16:00, 1.712,  29.4,  28.4, 1008.6,-0.019,-0.065,-9999,-9999 ,-9999
12-Jan-2023 17:00, 1.910,  29.4,  28.3, 1008.8,-0.018,-0.065,-9999,-9999 ,-9999
12-Jan-2023 18:00, 2.147,  29.4,  28.4, 1009.4,-0.014,-0.057,-9999,-9999 ,-9999
12-Jan-2023 19:00, 2.393,  29.4,  28.9, 1009.8, 0.024,-0.014,-9999,-9999 ,-9999
12-Jan-2023 20:00, 2.549,  29.4,  29.2, 1010.0, 0.050, 0.016,-9999,-9999 ,-9999
12-Jan-2023 21:00, 2.525,  29.4,  29.6, 1009.8,-0.002,-0.034,-9999,-9999 ,-9999
12-Jan-2023 22:00, 2.452,  29.4,  29.8, 1009.4, 0.001,-0.033,-9999,-9999 ,-9999
12-Jan-2023 23:00, 2.313,  29.5,  29.8, 1009.1, 0.018,-0.020,-9999,-9999 ,-9999
13-Jan-2023 00:00, 2.076,  29.5,  29.9, 1008.8,-0.024,-0.065,-9999,-9999 ,-9999
13-Jan-2023 01:00, 1.862,  29.6,  29.8, 1008.2,-0.056,-0.101,-9999,-9999 ,-9999
13-Jan-2023 02:00, 1.752,  29.6,  30.2, 1007.6,-0.045,-0.095,-9999,-9999 ,-9999
13-Jan-2023 03:00, 1.741,  29.6,  30.2, 1007.1,-0.032,-0.089,-9999,-9999 ,-9999
13-Jan-2023 04:00, 1.823,  29.6,  29.9, 1007.1,-0.034,-0.094,-9999,-9999 ,-9999
13-Jan-2023 05:00, 2.001,  29.6,  29.3, 1007.2,-0.026,-0.087,-9999,-9999 ,-9999
13-Jan-2023 06:00, 2.224,  29.6,  29.0, 1007.8,-0.014,-0.074,-9999,-9999 ,-9999
13-Jan-2023 07:00, 2.440,  29.6,  29.0, 1008.2, 0.004,-0.050,-9999,-9999 ,-9999
13-Jan-2023 08:00, 2.580,  29.6,  28.9, 1008.7, 0.012,-0.037,-9999,-9999 ,-9999
13-Jan-2023 09:00, 2.620,  29.6,  28.7, 1009.3, 0.018,-0.026,-9999,-9999 ,-9999
13-Jan-2023 10:00, 2.553,  29.6,  28.6, 1009.8, 0.024,-0.015,-9999,-9999 ,-9999
13-Jan-2023 11:00, 2.402,  29.5,  28.6, 1010.0, 0.034, 0.000,-9999,-9999 ,-9999
13-Jan-2023 12:00, 2.194,  29.5,  28.4, 1009.6, 0.040, 0.008,-9999,-9999 ,-9999
13-Jan-2023 13:00, 1.951,  29.5,  28.4, 1009.1, 0.016,-0.021,-9999,-9999 ,-9999
13-Jan-2023 14:00, 1.760,  29.5,  27.8, 1008.8,-0.003,-0.044,-9999,-9999 ,-9999
13-Jan-2023 15:00, 1.661,  29.5,  27.3, 1008.6,-0.017,-0.061,-9999,-9999 ,-9999
13-Jan-2023 16:00, 1.667,  29.5,  27.5, 1008.6,-0.031,-0.077,-9999,-9999 ,-9999
13-Jan-2023 17:00, 1.794,  29.5,  28.4, 1009.0,-0.024,-0.070,-9999,-9999 ,-9999
13-Jan-2023 18:00, 1.984,  29.4,  28.5, 1009.8,-0.020,-0.061,-9999,-9999 ,-9999
13-Jan-2023 19:00, 2.212,  29.4,  29.0, 1010.3, 0.002,-0.032,-9999,-9999 ,-9999
13-Jan-2023 20:00, 2.406,  29.5,  29.1, 1010.5, 0.021,-0.008,-9999,-9999 ,-9999
13-Jan-2023 21:00, 2.500,  29.5,  29.2, 1010.3, 0.009,-0.019,-9999,-9999 ,-9999
13-Jan-2023 22:00, 2.532,  29.5,  29.5, 1010.0, 0.026,-0.004,-9999,-9999 ,-9999
13-Jan-2023 23:00, 2.466,  29.6,  29.5, 1009.5, 0.033, 0.000,-9999,-9999 ,-9999
14-Jan-2023 00:00, 2.303,  29.6,  29.8, 1009.0, 0.010,-0.028,-9999,-9999 ,-9999
14-Jan-2023 01:00, 2.107,  29.6,  30.0, 1008.5,-0.011,-0.054,-9999,-9999 ,-9999
14-Jan-2023 02:00, 1.940,  29.6,  30.2, 1007.9,-0.017,-0.065,-9999,-9999 ,-9999
14-Jan-2023 03:00, 1.838,  29.7,  30.1, 1007.4,-0.012,-0.066,-9999,-9999 ,-9999
14-Jan-2023 04:00, 1.807,  29.7,  29.7, 1007.1,-0.023,-0.082,-9999,-9999 ,-9999
14-Jan-2023 05:00, 1.881,  29.7,  29.4, 1007.5,-0.020,-0.081,-9999,-9999 ,-9999
14-Jan-2023 06:00, 2.044,  29.7,  29.2, 1008.2,-0.001,-0.057,-9999,-9999 ,-9999
14-Jan-2023 07:00, 2.245,  29.7,  28.9, 1009.1, 0.024,-0.025,-9999,-9999 ,-9999
14-Jan-2023 08:00, 2.400,  29.6,  28.6, 1010.0, 0.019,-0.022,-9999,-9999 ,-9999
14-Jan-2023 09:00, 2.511,  29.6,  28.7, 1010.7, 0.025,-0.006,-9999,-9999 ,-9999
14-Jan-2023 10:00, 2.531,  29.6,  28.6, 1011.0, 0.023,-0.002,-9999,-9999 ,-9999
14-Jan-2023 11:00, 2.472,  29.6,  28.4, 1011.0, 0.029, 0.006,-9999,-9999 ,-9999
14-Jan-2023 12:00, 2.338,  29.6,  28.4, 1010.4, 0.033, 0.010,-9999,-9999 ,-9999
14-Jan-2023 13:00, 2.145,  29.5,  28.3, 1010.0, 0.021,-0.007,-9999,-9999 ,-9999
14-Jan-2023 14:00, 1.947,  29.5,  28.2, 1009.4, 0.009,-0.024,-9999,-9999 ,-9999
14-Jan-2023 15:00, 1.785,  29.5,  28.1, 1009.1,-0.011,-0.049,-9999,-9999 ,-9999
14-Jan-2023 16:00, 1.719,  29.5,  28.1, 1009.0,-0.010,-0.051,-9999,-9999 ,-9999
14-Jan-2023 17:00, 1.736,  29.5,  28.1, 1009.4,-0.017,-0.059,-9999,-9999 ,-9999
14-Jan-2023 18:00, 1.846,  29.5,  28.1, 1009.9,-0.017,-0.055,-9999,-9999 ,-9999
14-Jan-2023 19:00, 2.045,  29.5,  28.6, 1010.7, 0.011,-0.021,-9999,-9999 ,-9999
14-Jan-2023 20:00, 2.243,  29.5,  29.2, 1011.3, 0.019,-0.005,-9999,-9999 ,-9999
14-Jan-2023 21:00, 2.407,  29.5,  29.5, 1011.4, 0.019, 0.000,-9999,-9999 ,-9999
14-Jan-2023 22:00, 2.515,  29.6,  29.7, 1011.1, 0.021, 0.003,-9999,-9999 ,-9999
14-Jan-2023 23:00, 2.534,  29.6,  30.1, 1010.4, 0.015,-0.007,-9999,-9999 ,-9999
15-Jan-2023 00:00, 2.466,  29.7,  29.8, 1009.7, 0.004,-0.025,-9999,-9999 ,-9999
15-Jan-2023 01:00, 2.328,  29.7,  29.6, 1009.0,-0.006,-0.042,-9999,-9999 ,-9999
15-Jan-2023 02:00, 2.161,  29.7,  29.6, 1008.4,-0.006,-0.049,-9999,-9999 ,-9999
15-Jan-2023 03:00, 1.990,  29.8,  30.8, 1007.8,-0.013,-0.062,-9999,-9999 ,-9999
15-Jan-2023 04:00, 1.873,  29.8,  29.9, 1007.7,-0.013,-0.067,-9999,-9999 ,-9999
15-Jan-2023 05:00, 1.842,  29.8,  30.5, 1008.2,-0.001,-0.056,-9999,-9999 ,-9999
15-Jan-2023 06:00, 1.884,  29.9,  29.1, 1008.9,-0.001,-0.051,-9999,-9999 ,-9999
15-Jan-2023 07:00, 2.002,  29.8,  28.7, 1009.5, 0.005,-0.038,-9999,-9999 ,-9999
15-Jan-2023 08:00, 2.154,  29.8,  28.7, 1010.1, 0.006,-0.030,-9999,-9999 ,-9999
15-Jan-2023 09:00, 2.307,  29.8,  28.7, 1010.9, 0.012,-0.019,-9999,-9999 ,-9999
15-Jan-2023 10:00, 2.422,  29.8,  28.8, 1011.4, 0.020,-0.003,-9999,-9999 ,-9999
15-Jan-2023 11:00, 2.471,  29.7,  28.7, 1011.5, 0.029, 0.011,-9999,-9999 ,-9999
15-Jan-2023 12:00, 2.426,  29.7,  28.5, 1011.0, 0.020, 0.002,-9999,-9999 ,-9999
15-Jan-2023 13:00, 2.300,  29.7,  28.3, 1010.2, 0.003,-0.020,-9999,-9999 ,-9999
15-Jan-2023 14:00, 2.135,  29.7,  28.4, 1009.6,-0.004,-0.035,-9999,-9999 ,-9999
15-Jan-2023 15:00, 1.970,  29.7,  28.3, 1009.0, 0.001,-0.036,-9999,-9999 ,-9999
15-Jan-2023 16:00, 1.818,  29.7,  28.3, 1009.0,-0.012,-0.054,-9999,-9999 ,-9999
15-Jan-2023 17:00, 1.740,  29.7,  28.4, 1009.6,-0.014,-0.056,-9999,-9999 ,-9999
15-Jan-2023 18:00, 1.746,  29.7,  28.3, 1010.3,-0.019,-0.055,-9999,-9999 ,-9999
15-Jan-2023 19:00, 1.873,  29.6,  28.6, 1011.2, 0.012,-0.016,-9999,-9999 ,-9999
15-Jan-2023 20:00, 2.055,  29.6,  28.6, 1011.5, 0.030, 0.010,-9999,-9999 ,-9999
15-Jan-2023 21:00, 2.234,  29.7,  28.7, 1011.6, 0.016,-0.001,-9999,-9999 ,-9999
15-Jan-2023 22:00, 2.402,  29.7,  28.9, 1011.3, 0.003,-0.013,-9999,-9999 ,-9999
15-Jan-2023 23:00, 2.526,  29.8,  29.0, 1010.6,-0.001,-0.021,-9999,-9999 ,-9999
16-Jan-2023 00:00, 2.577,  29.9,  28.8, 1010.0, 0.001,-0.026,-9999,-9999 ,-9999
16-Jan-2023 01:00, 2.528,  30.0,  29.0, 1009.3,-0.007,-0.040,-9999,-9999 ,-9999
16-Jan-2023 02:00, 2.402,  30.1,  28.9, 1008.7,-0.006,-0.046,-9999,-9999 ,-9999
16-Jan-2023 03:00, 2.216,  30.2,  29.2, 1008.2,-0.012,-0.057,-9999,-9999 ,-9999
16-Jan-2023 04:00, 2.029,  30.2,  29.0, 1008.2,-0.008,-0.058,-9999,-9999 ,-9999
16-Jan-2023 05:00, 1.873,  30.3,  28.9, 1008.7,-0.009,-0.058,-9999,-9999 ,-9999
16-Jan-2023 06:00, 1.805,  30.3,  29.4, 1009.3, 0.006,-0.038,-9999,-9999 ,-9999
16-Jan-2023 07:00, 1.820,  30.3,  29.1, 1009.8, 0.016,-0.023,-9999,-9999 ,-9999
16-Jan-2023 08:00, 1.907,  30.3,  29.1, 1010.6, 0.013,-0.021,-9999,-9999 ,-9999
16-Jan-2023 09:00, 2.051,  30.2,  29.0, 1011.0, 0.011,-0.015,-9999,-9999 ,-9999
16-Jan-2023 10:00, 2.217,  30.2,  28.9, 1011.2, 0.013,-0.009,-9999,-9999 ,-9999
16-Jan-2023 11:00, 2.376,  30.2,  28.9, 1011.3, 0.032, 0.012,-9999,-9999 ,-9999
16-Jan-2023 12:00, 2.454,  30.2,  28.8, 1010.5, 0.030, 0.009,-9999,-9999 ,-9999
16-Jan-2023 13:00, 2.443,  30.1,  28.6, 1009.8, 0.020,-0.008,-9999,-9999 ,-9999
16-Jan-2023 14:00, 2.359,  30.1,  28.5, 1009.0, 0.022,-0.014,-9999,-9999 ,-9999
16-Jan-2023 15:00, 2.197,  30.1,  28.6, 1008.8, 0.013,-0.030,-9999,-9999 ,-9999
16-Jan-2023 16:00, 1.999,  30.0,  28.5, 1008.8,-0.005,-0.050,-9999,-9999 ,-9999
16-Jan-2023 17:00, 1.824,  30.0,  28.4, 1009.2,-0.018,-0.062,-9999,-9999 ,-9999
16-Jan-2023 18:00, 1.730,  30.0,  28.4, 1010.0,-0.009,-0.049,-9999,-9999 ,-9999
16-Jan-2023 19:00, 1.747,  29.9,  29.2, 1010.5, 0.020,-0.012,-9999,-9999 ,-9999
16-Jan-2023 20:00, 1.862,  29.9,  29.6, 1011.0, 0.046, 0.020,-9999,-9999 ,-9999
16-Jan-2023 21:00, 2.030,  29.9,  30.0, 1010.8, 0.039, 0.015,-9999,-9999 ,-9999
16-Jan-2023 22:00, 2.254,  30.0,  29.8, 1010.5, 0.040, 0.017,-9999,-9999 ,-9999
16-Jan-2023 23:00, 2.460,  30.1,  29.6, 1009.9, 0.024,-0.007,-9999,-9999 ,-9999
17-Jan-2023 00:00, 2.604,  30.2,  29.5,-9999.0,-0.001,-9999 ,-9999,-9999 ,-9999
17-Jan-2023 01:00, 2.669,  30.2,  29.5,-9999.0,-0.012,-9999 ,-9999,-9999 ,-9999
17-Jan-2023 02:00, 2.636,  30.4,  29.7,-9999.0,-0.008,-9999 ,-9999,-9999 ,-9999
17-Jan-2023 03:00, 2.489,  30.3,  29.6,-9999.0,-0.011,-9999 ,-9999,-9999 ,-9999
17-Jan-2023 04:00, 2.267,  30.4,  29.4,-9999.0,-0.013,-9999 ,-9999,-9999 ,-9999
17-Jan-2023 05:00, 2.008,  30.5,  28.9,-9999.0,-0.029,-9999 ,-9999,-9999 ,-9999
17-Jan-2023 06:00, 1.809,  30.4,  29.0,-9999.0,-0.017,-9999 ,-9999,-9999 ,-9999
17-Jan-2023 07:00, 1.698,  30.4,  28.9,-9999.0, 0.004,-9999 ,-9999,-9999 ,-9999
17-Jan-2023 08:00, 1.699,  30.3,  28.7,-9999.0, 0.028,-9999 ,-9999,-9999 ,-9999
17-Jan-2023 09:00, 1.804,  30.2,  28.6,-9999.0, 0.047,-9999 ,-9999,-9999 ,-9999
17-Jan-2023 10:00, 1.980,  30.1,  28.7,-9999.0, 0.053,-9999 ,-9999,-9999 ,-9999
17-Jan-2023 11:00, 2.174,  30.1,  28.6,-9999.0, 0.036,-9999 ,-9999,-9999 ,-9999
17-Jan-2023 12:00, 2.367,  30.0,  28.5,-9999.0, 0.035,-9999 ,-9999,-9999 ,-9999
17-Jan-2023 13:00, 2.498,-9999 ,-9999 ,-9999.0, 0.037,-9999 ,-9999,-9999 ,-9999
17-Jan-2023 14:00, 2.521,-9999 ,-9999 ,-9999.0, 0.029,-9999 ,-9999,-9999 ,-9999
17-Jan-2023 15:00, 2.432,-9999 ,-9999 ,-9999.0, 0.021,-9999 ,-9999,-9999 ,-9999
17-Jan-2023 16:00, 2.251,-9999 ,-9999 ,-9999.0, 0.011,-9999 ,-9999,-9999 ,-9999
17-Jan-2023 17:00, 2.024,-9999 ,-9999 ,-9999.0, 0.001,-9999 ,-9999,-9999 ,-9999
17-Jan-2023 18:00, 1.821,-9999 ,-9999 ,-9999.0, 0.003,-9999 ,-9999,-9999 ,-9999
17-Jan-2023 19:00, 1.689,  29.8,  28.4,-9999.0, 0.011,-9999 ,-9999,-9999 ,-9999
17-Jan-2023 20:00, 1.666,  29.8,  28.7,-9999.0, 0.018,-9999 ,-9999,-9999 ,-9999
17-Jan-2023 21:00, 1.757,  29.9,  28.6,-9999.0, 0.012,-9999 ,-9999,-9999 ,-9999
17-Jan-2023 22:00, 1.978,  29.9,  28.7,-9999.0, 0.023,-9999 ,-9999,-9999 ,-9999
17-Jan-2023 23:00, 2.249,  30.0,  28.9,-9999.0, 0.018,-9999 ,-9999,-9999 ,-9999
18-Jan-2023 00:00, 2.532,  30.0,  29.3, 1008.7, 0.023,-0.015,-9999,-9999 ,-9999
18-Jan-2023 01:00, 2.760,  30.1,  29.4, 1007.9, 0.038,-0.008,-9999,-9999 ,-9999
18-Jan-2023 02:00, 2.852,  30.1,  29.7, 1007.0, 0.033,-0.021,-9999,-9999 ,-9999
18-Jan-2023 03:00, 2.791,  30.2,  29.8, 1006.5, 0.020,-0.043,-9999,-9999 ,-9999
18-Jan-2023 04:00, 2.605,  30.2,  29.7, 1006.3, 0.017,-0.050,-9999,-9999 ,-9999
18-Jan-2023 05:00, 2.331,  30.3,  29.3, 1006.5, 0.022,-0.047,-9999,-9999 ,-9999
18-Jan-2023 06:00, 2.010,  30.3,  29.1, 1007.3, 0.014,-0.052,-9999,-9999 ,-9999
18-Jan-2023 07:00, 1.743,  30.3,  28.9, 1007.9, 0.023,-0.036,-9999,-9999 ,-9999
18-Jan-2023 08:00, 1.583,  30.3,  28.8, 1008.6, 0.040,-0.012,-9999,-9999 ,-9999
18-Jan-2023 09:00, 1.549,  30.2,  28.7, 1008.9, 0.041,-0.005,-9999,-9999 ,-9999
18-Jan-2023 10:00, 1.666,  30.2,  28.6, 1009.2, 0.049, 0.007,-9999,-9999 ,-9999
18-Jan-2023 11:00, 1.883,  30.1,  28.6, 1008.9, 0.045, 0.005,-9999,-9999 ,-9999
18-Jan-2023 12:00, 2.169,  30.1,  28.5, 1007.9, 0.053, 0.009,-9999,-9999 ,-9999
18-Jan-2023 13:00, 2.421,  30.1,  28.4, 1007.7, 0.045,-0.008,-9999,-9999 ,-9999
18-Jan-2023 14:00, 2.574,  30.0,  28.4, 1007.2, 0.024,-0.031,-9999,-9999 ,-9999
18-Jan-2023 15:00, 2.616,  30.0,  28.2, 1006.5, 0.021,-0.040,-9999,-9999 ,-9999
18-Jan-2023 16:00, 2.494,  30.0,  28.2, 1006.8,-0.003,-0.070,-9999,-9999 ,-9999
18-Jan-2023 17:00, 2.292,  30.0,  28.2, 1007.3, 0.009,-0.055,-9999,-9999 ,-9999
18-Jan-2023 18:00, 2.023,  30.0,  28.0, 1008.2, 0.011,-0.047,-9999,-9999 ,-9999
18-Jan-2023 19:00, 1.775,  29.9,  28.6, 1009.1, 0.023,-0.026,-9999,-9999 ,-9999
18-Jan-2023 20:00, 1.614,  30.0,  29.2, 1009.7, 0.038,-0.003,-9999,-9999 ,-9999
18-Jan-2023 21:00, 1.605,  30.0,  29.3, 1009.9, 0.064, 0.028,-9999,-9999 ,-9999
18-Jan-2023 22:00, 1.743,  30.1,  29.4, 1009.2, 0.074, 0.042,-9999,-9999 ,-9999
18-Jan-2023 23:00, 1.985,  30.1,  29.4, 1009.0, 0.051, 0.008,-9999,-9999 ,-9999
19-Jan-2023 00:00, 2.305,  30.1,  29.5,-9999.0, 0.027,-9999 ,-9999,-9999 ,-9999
19-Jan-2023 01:00, 2.636,  30.1,  29.9,-9999.0, 0.019,-9999 ,-9999,-9999 ,-9999
19-Jan-2023 02:00, 2.890,  30.1,  29.6,-9999.0, 0.022,-9999 ,-9999,-9999 ,-9999
19-Jan-2023 03:00, 2.983,  30.0,  29.6,-9999.0, 0.012,-9999 ,-9999,-9999 ,-9999
19-Jan-2023 04:00, 2.898,  30.1,  29.7,-9999.0, 0.004,-9999 ,-9999,-9999 ,-9999
19-Jan-2023 05:00, 2.649,  30.1,  29.4,-9999.0,-0.004,-9999 ,-9999,-9999 ,-9999
19-Jan-2023 06:00, 2.310,  30.0,  29.0,-9999.0, 0.009,-9999 ,-9999,-9999 ,-9999
19-Jan-2023 07:00, 1.929,  30.0,  29.0,-9999.0, 0.017,-9999 ,-9999,-9999 ,-9999
19-Jan-2023 08:00, 1.610,  30.0,  28.9,-9999.0, 0.034,-9999 ,-9999,-9999 ,-9999
19-Jan-2023 09:00, 1.414,  30.0,  29.0,-9999.0, 0.042,-9999 ,-9999,-9999 ,-9999
19-Jan-2023 10:00, 1.395,  29.9,  28.9,-9999.0, 0.047,-9999 ,-9999,-9999 ,-9999
19-Jan-2023 11:00, 1.560,  29.9,  28.9,-9999.0, 0.056,-9999 ,-9999,-9999 ,-9999
19-Jan-2023 12:00, 1.853,  29.9,  28.7,-9999.0, 0.055,-9999 ,-9999,-9999 ,-9999
19-Jan-2023 13:00, 2.210,-9999 ,-9999 ,-9999.0, 0.060,-9999 ,-9999,-9999 ,-9999
19-Jan-2023 14:00, 2.520,-9999 ,-9999 ,-9999.0, 0.053,-9999 ,-9999,-9999 ,-9999
19-Jan-2023 15:00, 2.684,-9999 ,-9999 ,-9999.0, 0.014,-9999 ,-9999,-9999 ,-9999
19-Jan-2023 16:00, 2.708,-9999 ,-9999 ,-9999.0, 0.000,-9999 ,-9999,-9999 ,-9999
19-Jan-2023 17:00, 2.565,-9999 ,-9999 ,-9999.0,-0.006,-9999 ,-9999,-9999 ,-9999
19-Jan-2023 18:00, 2.294,-9999 ,-9999 ,-9999.0,-0.005,-9999 ,-9999,-9999 ,-9999
19-Jan-2023 19:00, 1.964,-9999 ,-9999 ,-9999.0, 0.001,-9999 ,-9999,-9999 ,-9999
19-Jan-2023 20:00, 1.656,  29.8,  29.4,-9999.0, 0.004,-9999 ,-9999,-9999 ,-9999
19-Jan-2023 21:00, 1.474,  29.8,  29.5,-9999.0, 0.020,-9999 ,-9999,-9999 ,-9999
19-Jan-2023 22:00, 1.470,  29.9,  29.7,-9999.0, 0.034,-9999 ,-9999,-9999 ,-9999
19-Jan-2023 23:00, 1.643,  29.9,  29.8,-9999.0, 0.032,-9999 ,-9999,-9999 ,-9999
20-Jan-2023 00:00, 1.984,  29.9,  29.9, 1008.6, 0.040, 0.000,-9999,-9999 ,-9999
20-Jan-2023 01:00, 2.393,  29.9,  29.6, 1007.8, 0.037,-0.011,-9999,-9999 ,-9999
20-Jan-2023 02:00, 2.769,  29.9,  29.8, 1007.1, 0.022,-0.033,-9999,-9999 ,-9999
20-Jan-2023 03:00, 3.040,  29.9,  29.9, 1006.6, 0.019,-0.043,-9999,-9999 ,-9999
20-Jan-2023 04:00, 3.115,  30.1,  30.0, 1006.5, 0.004,-0.062,-9999,-9999 ,-9999
20-Jan-2023 05:00, 2.993,  29.9,  29.8, 1006.4, 0.004,-0.064,-9999,-9999 ,-9999
20-Jan-2023 06:00, 2.683,  29.9,  29.5, 1007.1, 0.004,-0.063,-9999,-9999 ,-9999
20-Jan-2023 07:00, 2.252,  29.9,  29.3, 1007.3, 0.002,-0.059,-9999,-9999 ,-9999
20-Jan-2023 08:00, 1.800,  29.9,  29.3, 1007.8, 0.006,-0.053,-9999,-9999 ,-9999
20-Jan-2023 09:00, 1.443,  29.9,  29.1, 1008.2, 0.025,-0.029,-9999,-9999 ,-9999
20-Jan-2023 10:00, 1.249,  29.8,  29.2, 1008.6, 0.035,-0.015,-9999,-9999 ,-9999
20-Jan-2023 11:00, 1.269,  29.8,  29.1, 1008.8, 0.043,-0.003,-9999,-9999 ,-9999
20-Jan-2023 12:00, 1.502,  29.8,  29.1, 1008.4, 0.054, 0.010,-9999,-9999 ,-9999
20-Jan-2023 13:00, 1.869,  29.8,  29.1, 1007.7, 0.053, 0.004,-9999,-9999 ,-9999
20-Jan-2023 14:00, 2.269,  29.7,  28.9, 1007.1, 0.035,-0.020,-9999,-9999 ,-9999
20-Jan-2023 15:00, 2.601,  29.7,  28.3, 1006.5, 0.011,-0.051,-9999,-9999 ,-9999
20-Jan-2023 16:00, 2.797,  29.7,  28.8, 1006.5, 0.001,-0.066,-9999,-9999 ,-9999
20-Jan-2023 17:00, 2.799,  29.7,  28.0, 1006.5,-0.004,-0.072,-9999,-9999 ,-9999
20-Jan-2023 18:00, 2.599,  29.7,  27.3, 1007.8,-0.011,-0.077,-9999,-9999 ,-9999
20-Jan-2023 19:00, 2.265,  29.7,  25.5, 1008.4,-0.010,-0.063,-9999,-9999 ,-9999
20-Jan-2023 20:00, 1.884,  29.7,  26.5, 1008.5, 0.003,-0.045,-9999,-9999 ,-9999
20-Jan-2023 21:00, 1.556,  29.7,  28.8, 1008.6, 0.019,-0.028,-9999,-9999 ,-9999
20-Jan-2023 22:00, 1.379,  29.8,  27.6, 1008.4, 0.038,-0.008,-9999,-9999 ,-9999
20-Jan-2023 23:00, 1.411,  29.8,  27.7, 1008.1, 0.053, 0.005,-9999,-9999 ,-9999
21-Jan-2023 00:00, 1.637,  29.8,  29.3, 1007.7, 0.046,-0.005,-9999,-9999 ,-9999
21-Jan-2023 01:00, 2.044,  29.9,  29.8, 1006.9, 0.054,-0.001,-9999,-9999 ,-9999
21-Jan-2023 02:00, 2.525,  29.8,  29.5, 1006.0, 0.065, 0.001,-9999,-9999 ,-9999
21-Jan-2023 03:00, 2.927,  29.9,  28.9, 1005.4, 0.046,-0.027,-9999,-9999 ,-9999
21-Jan-2023 04:00, 3.191,  29.9,  28.4, 1005.2, 0.036,-0.042,-9999,-9999 ,-9999
21-Jan-2023 05:00, 3.238,  29.9,  28.6, 1005.7, 0.027,-0.053,-9999,-9999 ,-9999
21-Jan-2023 06:00, 3.044,  29.9,  28.6, 1006.3, 0.012,-0.063,-9999,-9999 ,-9999
21-Jan-2023 07:00, 2.659,  29.8,  28.6, 1007.0, 0.006,-0.062,-9999,-9999 ,-9999
21-Jan-2023 08:00, 2.183,  29.8,  28.5, 1007.4, 0.023,-0.039,-9999,-9999 ,-9999
21-Jan-2023 09:00, 1.693,  29.8,  28.6, 1007.8, 0.031,-0.027,-9999,-9999 ,-9999
21-Jan-2023 10:00, 1.328,  29.8,  28.6, 1008.0, 0.051,-0.003,-9999,-9999 ,-9999
21-Jan-2023 11:00, 1.165,  29.8,  28.5, 1008.0, 0.064, 0.012,-9999,-9999 ,-9999
21-Jan-2023 12:00, 1.244,  29.8,  25.3, 1007.9, 0.073, 0.021,-9999,-9999 ,-9999
21-Jan-2023 13:00, 1.522,  29.8,  27.4, 1007.2, 0.061, 0.007,-9999,-9999 ,-9999
21-Jan-2023 14:00, 1.937,  29.8,  26.0, 1007.2, 0.044,-0.016,-9999,-9999 ,-9999
21-Jan-2023 15:00, 2.398,  29.8,  26.3, 1006.5, 0.047,-0.014,-9999,-9999 ,-9999
21-Jan-2023 16:00, 2.752,  29.8,  27.0, 1006.6, 0.036,-0.031,-9999,-9999 ,-9999
21-Jan-2023 17:00, 2.906,  29.7,  26.0, 1007.4, 0.007,-0.059,-9999,-9999 ,-9999
21-Jan-2023 18:00, 2.855,  29.7,  25.9, 1008.0,-0.001,-0.059,-9999,-9999 ,-9999
21-Jan-2023 19:00, 2.619,  29.7,  26.4, 1008.4, 0.015,-0.037,-9999,-9999 ,-9999
21-Jan-2023 20:00, 2.233,  29.6,  26.9, 1008.8, 0.020,-0.028,-9999,-9999 ,-9999
21-Jan-2023 21:00, 1.850,  29.6,  27.5, 1009.0, 0.065, 0.021,-9999,-9999 ,-9999
21-Jan-2023 22:00, 1.508,  29.6,  27.9, 1008.4, 0.074, 0.031,-9999,-9999 ,-9999
21-Jan-2023 23:00, 1.315,  29.7,  28.3, 1008.0, 0.051, 0.002,-9999,-9999 ,-9999
22-Jan-2023 00:00, 1.372,  29.7,  28.5, 1007.9, 0.043,-0.010,-9999,-9999 ,-9999
22-Jan-2023 01:00, 1.660,  29.7,  28.6, 1007.4, 0.040,-0.014,-9999,-9999 ,-9999
22-Jan-2023 02:00, 2.119,  29.8,  29.0, 1006.9, 0.048,-0.011,-9999,-9999 ,-9999
22-Jan-2023 03:00, 2.614,  29.8,  29.0, 1006.3, 0.044,-0.020,-9999,-9999 ,-9999
22-Jan-2023 04:00, 3.022,  29.8,  29.1, 1006.3, 0.028,-0.041,-9999,-9999 ,-9999
22-Jan-2023 05:00, 3.258,  29.8,  29.0, 1006.7, 0.018,-0.051,-9999,-9999 ,-9999
22-Jan-2023 06:00, 3.250,  29.8,  29.0, 1007.2, 0.003,-0.062,-9999,-9999 ,-9999
22-Jan-2023 07:00, 3.014,  29.8,  28.1, 1007.9, 0.007,-0.052,-9999,-9999 ,-9999
22-Jan-2023 08:00, 2.594,  29.8,  28.4, 1008.2, 0.020,-0.033,-9999,-9999 ,-9999
22-Jan-2023 09:00, 2.065,  29.7,  27.5, 1008.8, 0.020,-0.030,-9999,-9999 ,-9999
22-Jan-2023 10:00, 1.572,  29.7,  25.4, 1009.2, 0.031,-0.012,-9999,-9999 ,-9999
22-Jan-2023 11:00, 1.215,  29.7,  27.3, 1008.9, 0.031,-0.009,-9999,-9999 ,-9999
22-Jan-2023 12:00, 1.110,  29.7,  27.6, 1008.2, 0.049, 0.005,-9999,-9999 ,-9999
22-Jan-2023 13:00, 1.242,  29.7,  27.7, 1007.8, 0.048,-0.003,-9999,-9999 ,-9999
22-Jan-2023 14:00, 1.585,  29.7,  26.9, 1007.3, 0.042,-0.013,-9999,-9999 ,-9999
22-Jan-2023 15:00, 2.061,  29.7,  28.3, 1007.0, 0.048,-0.012,-9999,-9999 ,-9999
22-Jan-2023 16:00, 2.523,  29.6,  27.2, 1006.9, 0.046,-0.016,-9999,-9999 ,-9999
22-Jan-2023 17:00, 2.853,  29.6,  27.7, 1007.1, 0.034,-0.029,-9999,-9999 ,-9999
22-Jan-2023 18:00, 2.973,  29.6,  28.5, 1007.8, 0.019,-0.042,-9999,-9999 ,-9999
22-Jan-2023 19:00, 2.877,  29.6,  28.6, 1008.7, 0.022,-0.031,-9999,-9999 ,-9999
22-Jan-2023 20:00, 2.578,  29.6,  29.2, 1009.0, 0.027,-0.018,-9999,-9999 ,-9999
22-Jan-2023 21:00, 2.159,  29.6,  29.3, 1009.2, 0.029,-0.013,-9999,-9999 ,-9999
22-Jan-2023 22:00, 1.722,  29.7,  29.4, 1009.2, 0.024,-0.016,-9999,-9999 ,-9999
22-Jan-2023 23:00, 1.401,  29.7,  29.4, 1008.6, 0.030,-0.010,-9999,-9999 ,-9999
23-Jan-2023 00:00, 1.274,  29.8,  29.4, 1008.2, 0.028,-0.019,-9999,-9999 ,-9999
23-Jan-2023 01:00, 1.371,  29.8,  29.5, 1008.1, 0.007,-0.043,-9999,-9999 ,-9999
23-Jan-2023 02:00, 1.721,  29.8,  29.4, 1007.3, 0.022,-0.030,-9999,-9999 ,-9999
23-Jan-2023 03:00, 2.196,  29.8,  29.3, 1006.7, 0.023,-0.037,-9999,-9999 ,-9999
23-Jan-2023 04:00, 2.684,  29.8,  29.2, 1006.5, 0.017,-0.048,-9999,-9999 ,-9999
23-Jan-2023 05:00, 3.075,  29.8,  29.2, 1006.9, 0.016,-0.051,-9999,-9999 ,-9999
23-Jan-2023 06:00, 3.270,  29.8,  29.0, 1007.4, 0.016,-0.047,-9999,-9999 ,-9999
23-Jan-2023 07:00, 3.214,  29.8,  28.8, 1008.2, 0.010,-0.047,-9999,-9999 ,-9999
23-Jan-2023 08:00, 2.919,  29.8,  28.9, 1009.0, 0.005,-0.044,-9999,-9999 ,-9999
23-Jan-2023 09:00, 2.458,  29.8,  28.8, 1009.2, 0.006,-0.036,-9999,-9999 ,-9999
23-Jan-2023 10:00, 1.940,  29.8,  28.8, 1009.4, 0.013,-0.027,-9999,-9999 ,-9999
23-Jan-2023 11:00, 1.471,  29.8,  28.7, 1009.4, 0.015,-0.023,-9999,-9999 ,-9999
23-Jan-2023 12:00, 1.192,  29.7,  28.6, 1008.8, 0.034,-0.005,-9999,-9999 ,-9999
23-Jan-2023 13:00, 1.139,  29.7,  28.5, 1008.4, 0.036,-0.008,-9999,-9999 ,-9999
23-Jan-2023 14:00, 1.349,  29.7,  28.6, 1008.0, 0.053, 0.005,-9999,-9999 ,-9999
23-Jan-2023 15:00, 1.738,  29.7,  28.4, 1007.7, 0.058, 0.006,-9999,-9999 ,-9999
23-Jan-2023 16:00, 2.204,  29.7,  28.4, 1007.6, 0.053,-0.002,-9999,-9999 ,-9999
23-Jan-2023 17:00, 2.621,  29.6,  28.5, 1008.0, 0.036,-0.019,-9999,-9999 ,-9999
23-Jan-2023 18:00, 2.905,  29.6,  28.6, 1008.4, 0.033,-0.019,-9999,-9999 ,-9999
23-Jan-2023 19:00, 2.968,  29.6,  28.9, 1009.0, 0.020,-0.027,-9999,-9999 ,-9999
23-Jan-2023 20:00, 2.826,  29.6,  29.3, 1009.1, 0.030,-0.012,-9999,-9999 ,-9999
23-Jan-2023 21:00, 2.499,  29.7,  29.5, 1009.4, 0.033,-0.008,-9999,-9999 ,-9999
23-Jan-2023 22:00, 2.061,  29.7,  29.0, 1009.3, 0.015,-0.024,-9999,-9999 ,-9999
23-Jan-2023 23:00, 1.665,  29.8,  29.0, 1009.1, 0.021,-0.018,-9999,-9999 ,-9999
24-Jan-2023 00:00, 1.406,  29.8,  27.5, 1008.5, 0.038,-0.003,-9999,-9999 ,-9999
24-Jan-2023 01:00, 1.332,  29.8,  28.4, 1007.8, 0.035,-0.013,-9999,-9999 ,-9999
24-Jan-2023 02:00, 1.483,  29.8,  28.9, 1007.5, 0.025,-0.029,-9999,-9999 ,-9999
24-Jan-2023 03:00, 1.844,  29.8,  28.6, 1007.1, 0.032,-0.025,-9999,-9999 ,-9999
24-Jan-2023 04:00, 2.316,  29.8,  28.7, 1006.4, 0.043,-0.019,-9999,-9999 ,-9999
24-Jan-2023 05:00, 2.770,  29.8,  28.4, 1006.8, 0.045,-0.023,-9999,-9999 ,-9999
24-Jan-2023 06:00, 3.104,  29.8,  28.3, 1007.5, 0.049,-0.014,-9999,-9999 ,-9999
24-Jan-2023 07:00, 3.229,  29.8,  28.3, 1008.0, 0.044,-0.012,-9999,-9999 ,-9999
24-Jan-2023 08:00, 3.114,  29.8,  28.6, 1008.3, 0.034,-0.017,-9999,-9999 ,-9999
24-Jan-2023 09:00, 2.807,  29.8,  28.6, 1008.6, 0.043,-0.006,-9999,-9999 ,-9999
24-Jan-2023 10:00, 2.355,  29.8,  28.4, 1009.0, 0.044,-0.002,-9999,-9999 ,-9999
24-Jan-2023 11:00, 1.880,  29.8,  28.4, 1008.8, 0.051, 0.009,-9999,-9999 ,-9999
24-Jan-2023 12:00, 1.494,  29.7,  28.5, 1008.4, 0.066, 0.022,-9999,-9999 ,-9999
24-Jan-2023 13:00, 1.275,  29.7,  28.4, 1007.8, 0.066, 0.017,-9999,-9999 ,-9999
24-Jan-2023 14:00, 1.281,  29.7,  28.4, 1007.5, 0.059, 0.005,-9999,-9999 ,-9999
24-Jan-2023 15:00, 1.508,  29.7,  28.0, 1007.1, 0.054,-0.004,-9999,-9999 ,-9999
24-Jan-2023 16:00, 1.893,  29.7,  27.1, 1007.4, 0.053,-0.008,-9999,-9999 ,-9999
24-Jan-2023 17:00, 2.313,  29.7,  28.0, 1007.4, 0.036,-0.022,-9999,-9999 ,-9999
24-Jan-2023 18:00, 2.677,  29.7,  28.1, 1008.1, 0.029,-0.028,-9999,-9999 ,-9999
24-Jan-2023 19:00, 2.894,  29.7,  27.7, 1008.8, 0.029,-0.021,-9999,-9999 ,-9999
24-Jan-2023 20:00, 2.921,  29.7,  28.8, 1008.9, 0.039,-0.005,-9999,-9999 ,-9999
24-Jan-2023 21:00, 2.747,  29.7,  28.2, 1008.9, 0.047, 0.004,-9999,-9999 ,-9999
24-Jan-2023 22:00, 2.432,  29.7,  26.6, 1008.8, 0.059, 0.016,-9999,-9999 ,-9999
24-Jan-2023 23:00, 2.042,  29.7,  28.4, 1008.1, 0.053, 0.008,-9999,-9999 ,-9999
25-Jan-2023 00:00, 1.682,  29.7,  29.0, 1007.7, 0.040,-0.012,-9999,-9999 ,-9999
25-Jan-2023 01:00, 1.485,  29.7,  27.6, 1007.0, 0.056, 0.000,-9999,-9999 ,-9999
25-Jan-2023 02:00, 1.468,  29.8,  28.1, 1006.6, 0.059,-0.004,-9999,-9999 ,-9999
25-Jan-2023 03:00, 1.635,  29.8,  28.7, 1006.3, 0.042,-0.024,-9999,-9999 ,-9999
25-Jan-2023 04:00, 1.980,  29.8,  28.9, 1005.9, 0.047,-0.023,-9999,-9999 ,-9999
25-Jan-2023 05:00, 2.387,  29.8,  28.9, 1006.2, 0.042,-0.031,-9999,-9999 ,-9999
25-Jan-2023 06:00, 2.769,  29.8,  28.9, 1006.9, 0.045,-0.024,-9999,-9999 ,-9999
25-Jan-2023 07:00, 3.015,  29.8,  28.9, 1007.4, 0.040,-0.022,-9999,-9999 ,-9999
25-Jan-2023 08:00, 3.067,  29.8,  28.9, 1007.8, 0.028,-0.029,-9999,-9999 ,-9999
25-Jan-2023 09:00, 2.946,  29.7,  28.5, 1008.1, 0.047,-0.007,-9999,-9999 ,-9999
25-Jan-2023 10:00, 2.641,  29.7,  28.6, 1008.5, 0.053, 0.002,-9999,-9999 ,-9999
25-Jan-2023 11:00, 2.249,  29.7,  28.4, 1008.3, 0.066, 0.019,-9999,-9999 ,-9999
25-Jan-2023 12:00, 1.840,  29.7,  28.4, 1007.7, 0.064, 0.014,-9999,-9999 ,-9999
25-Jan-2023 13:00, 1.530,  29.7,  26.0, 1007.5, 0.064, 0.009,-9999,-9999 ,-9999
25-Jan-2023 14:00, 1.390,  29.7,  26.1, 1006.8, 0.062, 0.004,-9999,-9999 ,-9999
25-Jan-2023 15:00, 1.460,  29.7,  28.0, 1006.3, 0.067, 0.002,-9999,-9999 ,-9999
25-Jan-2023 16:00, 1.703,  29.7,  28.3, 1006.4, 0.066,-0.003,-9999,-9999 ,-9999
25-Jan-2023 17:00, 2.056,  29.7,  28.3, 1006.7, 0.065,-0.003,-9999,-9999 ,-9999
25-Jan-2023 18:00, 2.425,  29.6,  27.7, 1007.2, 0.063,-0.002,-9999,-9999 ,-9999
25-Jan-2023 19:00, 2.716,  29.6,  28.4, 1007.8, 0.062, 0.002,-9999,-9999 ,-9999
25-Jan-2023 20:00, 2.861,  29.6,  28.4, 1008.2, 0.057, 0.004,-9999,-9999 ,-9999
25-Jan-2023 21:00, 2.838,  29.6,  28.9, 1008.3, 0.060, 0.009,-9999,-9999 ,-9999
25-Jan-2023 22:00, 2.655,  29.7,  28.6, 1008.2, 0.062, 0.013,-9999,-9999 ,-9999
25-Jan-2023 23:00, 2.359,  29.7,  29.0, 1007.3, 0.059, 0.007,-9999,-9999 ,-9999
26-Jan-2023 00:00, 2.050,  29.8,  29.1, 1007.1, 0.077, 0.017,-9999,-9999 ,-9999
26-Jan-2023 01:00, 1.770,  29.8,  29.2, 1006.4, 0.074, 0.012,-9999,-9999 ,-9999
26-Jan-2023 02:00, 1.607,  29.9,  27.9, 1005.8, 0.062,-0.006,-9999,-9999 ,-9999
26-Jan-2023 03:00, 1.621,  29.9,  27.4, 1005.3, 0.063,-0.012,-9999,-9999 ,-9999
26-Jan-2023 04:00, 1.793,  29.8,  26.0, 1005.7, 0.058,-0.020,-9999,-9999 ,-9999
26-Jan-2023 05:00, 2.095,  29.8,  27.3, 1005.8, 0.065,-0.010,-9999,-9999 ,-9999
26-Jan-2023 06:00, 2.415,  29.8,  27.8, 1006.6, 0.049,-0.024,-9999,-9999 ,-9999
26-Jan-2023 07:00, 2.701,  29.8,  28.4, 1007.0, 0.046,-0.020,-9999,-9999 ,-9999
26-Jan-2023 08:00, 2.871,  29.8,  28.7, 1007.9, 0.044,-0.017,-9999,-9999 ,-9999
26-Jan-2023 09:00, 2.863,  29.7,  28.5, 1008.2, 0.022,-0.031,-9999,-9999 ,-9999
26-Jan-2023 10:00, 2.722,  29.7,  28.6, 1008.3, 0.027,-0.023,-9999,-9999 ,-9999
26-Jan-2023 11:00, 2.450,  29.7,  26.8, 1008.3, 0.026,-0.023,-9999,-9999 ,-9999
26-Jan-2023 12:00, 2.119,  29.7,  27.3, 1007.4, 0.027,-0.023,-9999,-9999 ,-9999
26-Jan-2023 13:00, 1.805,  29.7,  28.2, 1006.6, 0.026,-0.033,-9999,-9999 ,-9999
26-Jan-2023 14:00, 1.603,  29.7,  27.9, 1006.3, 0.043,-0.024,-9999,-9999 ,-9999
26-Jan-2023 15:00, 1.551,  29.7,  27.7, 1006.2, 0.061,-0.008,-9999,-9999 ,-9999
26-Jan-2023 16:00, 1.637,  29.7,  27.8, 1006.4, 0.058,-0.012,-9999,-9999 ,-9999
26-Jan-2023 17:00, 1.877,  29.6,  27.9, 1006.8, 0.074, 0.007,-9999,-9999 ,-9999
26-Jan-2023 18:00, 2.166,  29.6,  27.5, 1007.2, 0.065, 0.001,-9999,-9999 ,-9999
26-Jan-2023 19:00, 2.444,  29.6,  28.1, 1008.0, 0.051,-0.008,-9999,-9999 ,-9999
26-Jan-2023 20:00, 2.659,  29.6,  29.0, 1008.0, 0.049,-0.003,-9999,-9999 ,-9999
26-Jan-2023 21:00, 2.750,  29.6,  29.1, 1008.2, 0.044,-0.008,-9999,-9999 ,-9999
26-Jan-2023 22:00, 2.715,  29.7,  29.0, 1007.7, 0.048,-0.002,-9999,-9999 ,-9999
26-Jan-2023 23:00, 2.557,  29.8,  29.5, 1007.3, 0.051,-0.005,-9999,-9999 ,-9999
27-Jan-2023 00:00, 2.317,  29.8,  28.0, 1006.8, 0.051,-0.009,-9999,-9999 ,-9999
27-Jan-2023 01:00, 2.067,  29.8,  28.9, 1006.2, 0.060,-0.005,-9999,-9999 ,-9999
27-Jan-2023 02:00, 1.854,  29.9,  28.8, 1005.5, 0.058,-0.013,-9999,-9999 ,-9999
27-Jan-2023 03:00, 1.753,  29.9,  29.0, 1005.1, 0.066,-0.012,-9999,-9999 ,-9999
27-Jan-2023 04:00, 1.774,  29.9,  29.0, 1005.2, 0.067,-0.014,-9999,-9999 ,-9999
27-Jan-2023 05:00, 1.910,  29.8,  28.8, 1005.9, 0.061,-0.019,-9999,-9999 ,-9999
27-Jan-2023 06:00, 2.154,  29.8,  28.3, 1006.6, 0.078, 0.006,-9999,-9999 ,-9999
27-Jan-2023 07:00, 2.380,  29.8,  25.8, 1007.0, 0.056,-0.009,-9999,-9999 ,-9999
27-Jan-2023 08:00, 2.581,  29.8,  27.1, 1007.4, 0.053,-0.009,-9999,-9999 ,-9999
27-Jan-2023 09:00, 2.676,  29.8,  27.8, 1008.0, 0.036,-0.022,-9999,-9999 ,-9999
27-Jan-2023 10:00, 2.664,  29.8,  27.8, 1008.1, 0.030,-0.022,-9999,-9999 ,-9999
27-Jan-2023 11:00, 2.559,  29.7,  27.9, 1007.7, 0.047,-0.005,-9999,-9999 ,-9999
27-Jan-2023 12:00, 2.335,  29.7,  27.9, 1007.1, 0.031,-0.025,-9999,-9999 ,-9999
27-Jan-2023 13:00, 2.076,  29.7,  27.9, 1006.5, 0.018,-0.044,-9999,-9999 ,-9999
27-Jan-2023 14:00, 1.866,  29.7,  28.0, 1006.0, 0.033,-0.034,-9999,-9999 ,-9999
27-Jan-2023 15:00, 1.734,  29.7,  28.0, 1005.3, 0.046,-0.027,-9999,-9999 ,-9999
27-Jan-2023 16:00, 1.720,  29.6,  28.1, 1005.5, 0.065,-0.013,-9999,-9999 ,-9999
27-Jan-2023 17:00, 1.804,  29.6,  28.1, 1005.8, 0.063,-0.014,-9999,-9999 ,-9999
27-Jan-2023 18:00, 1.972,  29.6,  27.8, 1006.9, 0.050,-0.023,-9999,-9999 ,-9999
27-Jan-2023 19:00, 2.210,  29.6,  28.6, 1007.1, 0.058,-0.004,-9999,-9999 ,-9999
27-Jan-2023 20:00, 2.436,  29.6,  29.2, 1007.4, 0.065, 0.004,-9999,-9999 ,-9999
27-Jan-2023 21:00, 2.587,  29.6,  29.2, 1007.6, 0.053,-0.005,-9999,-9999 ,-9999
27-Jan-2023 22:00, 2.652,  29.6,  29.7, 1007.4, 0.045,-0.011,-9999,-9999 ,-9999
27-Jan-2023 23:00, 2.616,  29.7,  29.9, 1006.9, 0.036,-0.023,-9999,-9999 ,-9999
28-Jan-2023 00:00, 2.502,  29.8,  29.2, 1006.8, 0.042,-0.022,-9999,-9999 ,-9999
28-Jan-2023 01:00, 2.314,  29.8,  27.0, 1006.7, 0.035,-0.029,-9999,-9999 ,-9999
28-Jan-2023 02:00, 2.124,  29.8,  27.4, 1006.2, 0.045,-0.020,-9999,-9999 ,-9999
28-Jan-2023 03:00, 1.962,  29.8,  26.7, 1005.9, 0.049,-0.021,-9999,-9999 ,-9999
28-Jan-2023 04:00, 1.879,  29.8,  26.4, 1005.4, 0.061,-0.013,-9999,-9999 ,-9999
28-Jan-2023 05:00, 1.885,  29.9,  28.4, 1006.3, 0.067,-0.010,-9999,-9999 ,-9999
28-Jan-2023 06:00, 1.983,  29.8,  28.9, 1007.1, 0.076, 0.008,-9999,-9999 ,-9999
28-Jan-2023 07:00, 2.122,  29.8,  28.8, 1007.6, 0.066, 0.006,-9999,-9999 ,-9999
28-Jan-2023 08:00, 2.289,  29.8,  28.8, 1007.5, 0.063, 0.006,-9999,-9999 ,-9999
28-Jan-2023 09:00, 2.424,  29.7,  28.9, 1008.5, 0.053,-0.003,-9999,-9999 ,-9999
28-Jan-2023 10:00, 2.499,  29.7,  28.9, 1008.9, 0.043,-0.003,-9999,-9999 ,-9999
28-Jan-2023 11:00, 2.490,  29.7,  28.8, 1008.6, 0.029,-0.014,-9999,-9999 ,-9999
28-Jan-2023 12:00, 2.433,  29.7,  28.7, 1008.1, 0.047, 0.000,-9999,-9999 ,-9999
28-Jan-2023 13:00, 2.312,  29.7,  27.0, 1007.5, 0.064, 0.013,-9999,-9999 ,-9999
28-Jan-2023 14:00, 2.118,  29.6,  27.7, 1007.2, 0.041,-0.016,-9999,-9999 ,-9999
28-Jan-2023 15:00, 1.948,  29.6,  27.6, 1007.2, 0.029,-0.030,-9999,-9999 ,-9999
28-Jan-2023 16:00, 1.845,  29.6,  27.6, 1007.1, 0.032,-0.029,-9999,-9999 ,-9999
28-Jan-2023 17:00, 1.830,  29.6,  27.6, 1008.1, 0.044,-0.017,-9999,-9999 ,-9999
28-Jan-2023 18:00, 1.899,  29.6,  27.1, 1009.0, 0.054, 0.004,-9999,-9999 ,-9999
28-Jan-2023 19:00, 2.026,  29.6,  27.3, 1009.5, 0.051, 0.010,-9999,-9999 ,-9999
28-Jan-2023 20:00, 2.199,  29.6,  27.3, 1009.5, 0.053, 0.016,-9999,-9999 ,-9999
28-Jan-2023 21:00, 2.350,  29.6,  27.4, 1009.6, 0.030,-0.006,-9999,-9999 ,-9999
28-Jan-2023 22:00, 2.486,  29.6,  28.0, 1008.8, 0.028,-0.010,-9999,-9999 ,-9999
28-Jan-2023 23:00, 2.569,  29.6,  28.2, 1008.8, 0.033,-0.011,-9999,-9999 ,-9999
29-Jan-2023 00:00, 2.573,  29.6,  29.2, 1008.2, 0.034,-0.011,-9999,-9999 ,-9999
29-Jan-2023 01:00, 2.497,  29.7,  29.3, 1007.9, 0.032,-0.018,-9999,-9999 ,-9999
29-Jan-2023 02:00, 2.370,  29.7,  28.4, 1007.0, 0.041,-0.013,-9999,-9999 ,-9999
29-Jan-2023 03:00, 2.213,  29.7,  27.8, 1006.2, 0.048,-0.015,-9999,-9999 ,-9999
29-Jan-2023 04:00, 2.063,  29.7,  28.2, 1006.0, 0.050,-0.020,-9999,-9999 ,-9999
29-Jan-2023 05:00, 1.972,  29.7,  28.3, 1006.5, 0.067,-0.005,-9999,-9999 ,-9999
29-Jan-2023 06:00, 1.947,  29.7,  28.3, 1007.3, 0.084, 0.017,-9999,-9999 ,-9999
29-Jan-2023 07:00, 1.971,  29.7,  27.9, 1008.2, 0.078, 0.020,-9999,-9999 ,-9999
29-Jan-2023 08:00, 2.059,  29.7,  27.9, 1008.8, 0.078, 0.029,-9999,-9999 ,-9999
29-Jan-2023 09:00, 2.162,  29.7,  28.0, 1009.3, 0.061, 0.017,-9999,-9999 ,-9999
29-Jan-2023 10:00, 2.270,  29.7,  28.1, 1009.4, 0.046, 0.007,-9999,-9999 ,-9999
29-Jan-2023 11:00, 2.359,  29.6,  28.1, 1009.1, 0.044, 0.006,-9999,-9999 ,-9999
29-Jan-2023 12:00, 2.400,  29.6,  28.1, 1008.7, 0.045, 0.003,-9999,-9999 ,-9999
29-Jan-2023 13:00, 2.372,  29.6,  27.2, 1008.2, 0.039,-0.007,-9999,-9999 ,-9999
29-Jan-2023 14:00, 2.302,  29.6,  25.7, 1007.8, 0.050, 0.000,-9999,-9999 ,-9999
29-Jan-2023 15:00, 2.194,  29.6,  25.3, 1007.5, 0.063, 0.009,-9999,-9999 ,-9999
29-Jan-2023 16:00, 2.077,  29.6,  26.4, 1007.3, 0.073, 0.016,-9999,-9999 ,-9999
29-Jan-2023 17:00, 1.985,  29.6,  27.5, 1007.5, 0.081, 0.022,-9999,-9999 ,-9999
29-Jan-2023 18:00, 1.945,  29.6,  27.3, 1008.1, 0.088, 0.031,-9999,-9999 ,-9999
29-Jan-2023 19:00, 1.956,  29.6,  27.8, 1009.3, 0.077, 0.027,-9999,-9999 ,-9999
29-Jan-2023 20:00, 2.043,  29.6,  28.3, 1009.4, 0.075, 0.036,-9999,-9999 ,-9999
29-Jan-2023 21:00, 2.171,  29.6,  26.1, 1008.9, 0.064, 0.025,-9999,-9999 ,-9999
29-Jan-2023 22:00, 2.326,  29.6,  27.3, 1008.7, 0.059, 0.016,-9999,-9999 ,-9999
29-Jan-2023 23:00, 2.474,  29.6,  28.1, 1008.2, 0.060, 0.015,-9999,-9999 ,-9999
30-Jan-2023 00:00, 2.588,  29.6,  28.5, 1007.7, 0.071, 0.021,-9999,-9999 ,-9999
30-Jan-2023 01:00, 2.633,  29.7,  29.2, 1006.9, 0.081, 0.025,-9999,-9999 ,-9999
30-Jan-2023 02:00, 2.593,  29.7,  29.0, 1006.3, 0.083, 0.020,-9999,-9999 ,-9999
30-Jan-2023 03:00, 2.480,  29.7,  28.6, 1005.9, 0.086, 0.017,-9999,-9999 ,-9999
30-Jan-2023 04:00, 2.313,  29.7,  28.9, 1005.8, 0.079, 0.005,-9999,-9999 ,-9999
30-Jan-2023 05:00, 2.142,  29.7,  28.9, 1006.4, 0.077, 0.004,-9999,-9999 ,-9999
30-Jan-2023 06:00, 2.005,  29.7,  28.8, 1007.0, 0.083, 0.015,-9999,-9999 ,-9999
30-Jan-2023 07:00, 1.917,  29.7,  28.6, 1007.6, 0.082, 0.021,-9999,-9999 ,-9999
30-Jan-2023 08:00, 1.918,  29.7,  28.1, 1008.1, 0.099, 0.044,-9999,-9999 ,-9999
30-Jan-2023 09:00, 1.966,  29.7,  28.4, 1008.3, 0.091, 0.040,-9999,-9999 ,-9999
30-Jan-2023 10:00, 2.069,  29.7,  27.9, 1008.8, 0.082, 0.033,-9999,-9999 ,-9999
30-Jan-2023 11:00, 2.199,  29.6,  26.4, 1008.8, 0.075, 0.031,-9999,-9999 ,-9999
30-Jan-2023 12:00, 2.322,  29.7,  27.8, 1007.9, 0.074, 0.029,-9999,-9999 ,-9999
30-Jan-2023 13:00, 2.429,  29.6,  27.9, 1007.1, 0.098, 0.044,-9999,-9999 ,-9999
30-Jan-2023 14:00, 2.462,  29.6,  27.7, 1006.8, 0.113, 0.052,-9999,-9999 ,-9999
30-Jan-2023 15:00, 2.414,  29.6,  27.7, 1006.5, 0.117, 0.053,-9999,-9999 ,-9999
30-Jan-2023 16:00, 2.294,  29.5,  27.7, 1006.5, 0.106, 0.039,-9999,-9999 ,-9999
30-Jan-2023 17:00, 2.144,  29.5,  27.4, 1006.8, 0.089, 0.022,-9999,-9999 ,-9999
30-Jan-2023 18:00, 2.006,  29.5,  27.9, 1007.8, 0.073, 0.010,-9999,-9999 ,-9999
30-Jan-2023 19:00, 1.934,  29.6,  27.5, 1008.2, 0.078, 0.024,-9999,-9999 ,-9999
30-Jan-2023 20:00, 1.925,  29.5,  27.9, 1008.5, 0.074, 0.024,-9999,-9999 ,-9999
30-Jan-2023 21:00, 1.988,  29.5,  28.1, 1008.5, 0.063, 0.016,-9999,-9999 ,-9999
30-Jan-2023 22:00, 2.114,  29.6,  28.5, 1008.4, 0.046,-0.001,-9999,-9999 ,-9999
30-Jan-2023 23:00, 2.291,  29.6,  28.8, 1008.0, 0.044,-0.004,-9999,-9999 ,-9999
31-Jan-2023 00:00, 2.485,  29.7,  29.2, 1007.4, 0.062, 0.009,-9999,-9999 ,-9999
31-Jan-2023 01:00, 2.623,  29.7,  29.4, 1007.0, 0.068, 0.010,-9999,-9999 ,-9999
31-Jan-2023 02:00, 2.675,  29.7,  28.0, 1006.3, 0.065, 0.002,-9999,-9999 ,-9999
31-Jan-2023 03:00, 2.635,  29.7,  28.3, 1005.9, 0.063,-0.006,-9999,-9999 ,-9999
31-Jan-2023 04:00, 2.505,  29.7,  24.8, 1006.2, 0.061,-0.012,-9999,-9999 ,-9999
31-Jan-2023 05:00, 2.308,  29.7,  26.3, 1007.3, 0.052,-0.017,-9999,-9999 ,-9999
31-Jan-2023 06:00, 2.095,  29.6,  24.9, 1008.1, 0.048,-0.010,-9999,-9999 ,-9999
31-Jan-2023 07:00, 1.913,  29.6,  25.2, 1008.4, 0.050,-0.001,-9999,-9999 ,-9999
31-Jan-2023 08:00, 1.798,  29.6,  25.7, 1009.5, 0.054, 0.007,-9999,-9999 ,-9999
31-Jan-2023 09:00, 1.770,  29.7,  24.5, 1010.3, 0.056, 0.020,-9999,-9999 ,-9999
31-Jan-2023 10:00, 1.843,  29.7,  25.0, 1010.6, 0.064, 0.035,-9999,-9999 ,-9999
31-Jan-2023 11:00, 1.988,  29.7,  25.1, 1010.5, 0.067, 0.041,-9999,-9999 ,-9999
31-Jan-2023 12:00, 2.173,  29.7,  25.4, 1009.2, 0.074, 0.046,-9999,-9999 ,-9999
31-Jan-2023 13:00, 2.343,  29.7,  25.8, 1008.1, 0.078, 0.037,-9999,-9999 ,-9999
31-Jan-2023 14:00, 2.472,  29.7,  26.2, 1007.4, 0.094, 0.042,-9999,-9999 ,-9999
31-Jan-2023 15:00, 2.499,  29.7,  26.3, 1007.1, 0.091, 0.033,-9999,-9999 ,-9999
31-Jan-2023 16:00, 2.439,  29.7,  26.3, 1007.1, 0.090, 0.029,-9999,-9999 ,-9999
31-Jan-2023 17:00, 2.286,  29.6,  26.5, 1007.2, 0.071, 0.010,-9999,-9999 ,-9999
31-Jan-2023 18:00, 2.105,  29.0,  26.8, 1007.6, 0.057,-0.003,-9999,-9999 ,-9999
31-Jan-2023 19:00, 1.957,  29.2,  27.2, 1008.2, 0.065, 0.009,-9999,-9999 ,-9999
31-Jan-2023 20:00, 1.871,  29.1,  27.7, 1008.6, 0.079, 0.029,-9999,-9999 ,-9999
31-Jan-2023 21:00, 1.880,  29.3,  28.2, 1008.8, 0.084, 0.038,-9999,-9999 ,-9999
31-Jan-2023 22:00, 1.944,  28.9,  28.2, 1008.6, 0.077, 0.033,-9999,-9999 ,-9999
31-Jan-2023 23:00, 2.143,  29.0,  28.8, 1008.4, 0.062, 0.016,-9999,-9999 ,-9999
